Facility name,Facility type,Ownership,Admin1,Lat,Long
Chemolingot District Hospital,District Hospital,MoH,Baringo,0.9862098,35.9712128
Eldama Ravine District Hospital,District Hospital,MoH,Baringo,0.0473,35.7302
Kabarnet District Hospital,District Hospital,MoH,Baringo,0.4926,35.7434
Kabartonjo District Hospital,District Hospital,MoH,Baringo,0.6256654,35.7892075
Marigat Sub District Hospital,Sub-District Hospital,MoH,Baringo,0.4695,35.9798
Mercy Hospital,Mission Hospital,FBO,Baringo,0.05388,35.7241
Cheptalal Sub-District Hospital,Sub-District Hospital,MoH,Bomet,-0.6015,35.3592
Kapkoros Sub-County Hospital,Sub-District Hospital,MoH,Bomet,-0.6569283,35.2995551
Kaplong Hospital,Mission Hospital,FBO,Bomet,-0.6831,35.1409
Longisa District Hospital,District Hospital,MoH,Bomet,-0.8579,35.3894
Sigor Sub-District Hospital,Sub-District Hospital,MoH,Bomet,-0.9167,35.2989
Tenwek Mission Hospital,Mission Hospital,FBO,Bomet,-0.7442,35.3593
Bokoli Hospital,Hospital,MoH,Bungoma,0.71026,34.66171
Bungoma County Referal Hospital,County Referral Hospital,MoH,Bungoma,0.5755,34.5594
Cheptais Sub District Hospital,Sub-District Hospital,MoH,Bungoma,0.8124,34.4656
Chwele Sub District Hospital,Sub-District Hospital,MoH,Bungoma,0.7344,34.5779
Dreamland MC Hospital,Mission Hospital,FBO,Bungoma,0.80792,34.69675
Kimilili District Hospital,District Hospital,MoH,Bungoma,0.789,34.7128
Lugulu Friends Mission Hospital,Mission Hospital,FBO,Bungoma,0.6613,34.7528
Lumboka Memorial Hospital,Hospital,MoH,Bungoma,0.56789,34.56386
Mt Elgon District Hospital,District Hospital,MoH,Bungoma,0.845,34.7129
Naitiri Sub-District Hospital,Sub-District Hospital,MoH,Bungoma,0.7563,34.8908
Sirisia Hospital,Hospital,MoH,Bungoma,0.7539,34.5091
Webuye Sub District Hospital,Sub-District Hospital,MoH,Bungoma,0.61302,34.7644
Alupe Sub-District Hospital,Sub-District Hospital,MoH,Busia,0.4972,34.1339
Busia District Hospital,District Hospital,MoH,Busia,0.4604,34.1045
Holy Family Nangina Hospital,Mission Hospital,FBO,Busia,0.2444,34.105
Khunyangu Sub-District Hospital,Sub-District Hospital,MoH,Busia,0.3377,34.2579
Port Victoria Hospital,Hospital,MoH,Busia,0.0972,33.9758
Sio Port District Hospital,District Hospital,MoH,Busia,0.2251,34.0213
Teso North Sub-County Hospital,Sub-District Hospital,MoH,Busia,0.6225,34.3448
Chebiemit District Hospital,District Hospital,MoH,Elgeyo Marakwet,0.85334,35.50237
Iten District Hospital,District Hospital,MoH,Elgeyo Marakwet,0.6703,35.5075
Kamwosor Sub-District Hospital,Sub-District Hospital,MoH,Elgeyo Marakwet,0.2026,35.5683
Kapsowar AIC Hospital,Mission Hospital,FBO,Elgeyo Marakwet,0.9811,35.5608
Kaptarakwa Sub-District Hospital,Sub-District Hospital,MoH,Elgeyo Marakwet,0.4658,35.5406
Kocholwo Sub-District Hospital,Sub-District Hospital,MoH,Elgeyo Marakwet,0.226,35.6604
Tambach Sub-District Hospital,Sub-District Hospital,MoH,Elgeyo Marakwet,0.5953,35.5223
Tot Sub-District Hospital,Sub-District Hospital,MoH,Elgeyo Marakwet,1.2088,35.6563
Consolata Kyeni Hospital,Mission Hospital,FBO,Embu,-0.4128,37.5878
Embu Provincial General Hospital,Provincial General Hospital,MoH,Embu,-0.5368,37.4518
Ishiara Sub-District Hospital,Sub-District Hospital,MoH,Embu,-0.4522,37.789
Kianjokoma Sub-District Hospital,Sub-District Hospital,MoH,Embu,-0.39709,37.5016
Mbeere District Hospital,District Hospital,MoH,Embu,-0.576883,37.6420147
Runyenjes District Hospital,District Hospital,MoH,Embu,-0.4245,37.5706
Balambala Sub-District Hospital,Sub-District Hospital,MoH,Garissa,-0.0417,39.0623
Dadaab Sub-District Hospital,Sub-District Hospital,MoH,Garissa,0.06,40.3147
Dagahaley Hospital,Hospital,NGO,Garissa,-0.19,40.2967
Garissa Provincial General Hospital,Provincial General Hospital,MoH,Garissa,-0.4278,39.644
Hagadera Hospital,Hospital,NGO,Garissa,0.0107,40.3715
Hulugho Sub-District Hospital,Sub-District Hospital,MoH,Garissa,-1.1474,41.0514
Ifo 2 Hospital,Hospital,NGO,Garissa,0.1076,40.3051
Iftin Sub-District Hospital,Sub-District Hospital,MoH,Garissa,-0.4732,39.6559
Ijara District Hospital,District Hospital,MoH,Garissa,-1.5957,40.5143
Modogashe Sub-County Hospital,Sub-District Hospital,MoH,Garissa,0.7323,39.1761
Gendia Mission Hospital,Mission Hospital,FBO,Homa Bay,-0.4013,34.66446
Homa Bay County Teaching and Referral Hospital,County Referral Hospital,MoH,Homa Bay,-0.5305,34.4606
Kabondo Sub-District Hospital,Sub-District Hospital,MoH,Homa Bay,-0.42077,34.87435
Kandiege Sub-District Hospital,Sub-District Hospital,MoH,Homa Bay,-0.4267,34.553
Kendu Adventist Hospital,Mission Hospital,FBO,Homa Bay,-0.4013917,34.6643683
Kendu Sub-District Hospital,Sub-District Hospital,MoH,Homa Bay,-0.3695,34.6504
Kisegi Sub-District Hospital,Sub-District Hospital,MoH,Homa Bay,-0.646519,34.0575
Marindi Sub county Hospital,Sub-District Hospital,MoH,Homa Bay,-0.6484,34.5187
Mbita District Hospital,District Hospital,MoH,Homa Bay,-0.42249,34.20819
Ndhiwa Sub-District Hospital,Sub-District Hospital,MoH,Homa Bay,-0.7317,34.367
Ogongo Sub-District Hospital,Sub-District Hospital,MoH,Homa Bay,-0.5739508,34.3708147
Rachuonyo District Hospital,District Hospital,MoH,Homa Bay,-0.5031,34.7323
Rangwe Sub-District Hospital,Sub-District Hospital,MoH,Homa Bay,-0.5947,34.5831
Suba District Hospital,District Hospital,MoH,Homa Bay,-0.588771,34.16246
Garbatulla District Hospital,District Hospital,MoH,Isiolo,0.5348,38.5188
Isiolo District Hospital,District Hospital,MoH,Isiolo,0.3648,37.5888
Kajiado District Hospital,District Hospital,MoH,Kajiado,-2.9243,37.5049
Kenyatta National Hospital Ongata Rongai,Hospital,MoH,Kajiado,-1.3962,36.7919
Loitokitok District Hospital,District Hospital,MoH,Kajiado,-2.9277,37.5093
Ngong Rapha Hospital,Mission Hospital,FBO,Kajiado,-1.3476507,36.637255
Ngong Sub-District Hospital,Sub-District Hospital,MoH,Kajiado,-1.3652,36.6542
Sucos Hospital,Hospital,NGO,Kajiado,-1.5938822,36.9082484
Ahmadiya Hospital,Mission Hospital,FBO,Kakamega,0.3141,34.5757
Butere District Hospital,District Hospital,MoH,Kakamega,0.2202425,34.4991521
Iguhu District Hospital,District Hospital,MoH,Kakamega,0.1661,34.7451
Jumia Hospital,Mission Hospital,FBO,Kakamega,0.2617124,34.7495909
Kakamega Provincial General Hospital,Provincial General Hospital,MoH,Kakamega,0.275,34.7588
Likuyani Sub-District Hospital,Sub-District Hospital,MoH,Kakamega,0.7108,35.1069
Lumakanda Sub County Hospital,Sub-District Hospital,MoH,Kakamega,0.6348,34.9762
Malava District Hospital,District Hospital,MoH,Kakamega,0.4487,34.8539
Manyala Sub-District Hospital,Sub-District Hospital,MoH,Kakamega,0.1604,34.4526
Matunda Sub-District Hospital,Sub-District Hospital,MoH,Kakamega,0.8257,35.11558
Matungu Sub-District Hospital,Sub-District Hospital,MoH,Kakamega,0.3872,34.4763
Mautuma Sub County Hospital,Sub-District Hospital,MoH,Kakamega,0.7248,34.9817
Mukumu Hospital,Mission Hospital,FBO,Kakamega,0.2158,34.7684
Mumias St Mary's Hospital,Mission Hospital,FBO,Kakamega,0.3268,34.499
Mwihila Mission Hospital,Mission Hospital,FBO,Kakamega,0.1783022,34.6124
Navakholo Sub-District Hospital,Sub-District Hospital,MoH,Kakamega,0.4139,34.6826
Shibwe Sub-District Hospital,Sub-District Hospital,MoH,Kakamega,0.2058,34.7231
Forttenan Sub District Hospital,Sub-District Hospital,MoH,Kericho,-0.14054,35.344096
Kapkatet District Hospital,District Hospital,MoH,Kericho,-0.6297518,35.1962267
Kericho District Hospital,District Hospital,MoH,Kericho,-0.369,35.2794
Kipchimchim Mission Hospital,Mission Hospital,FBO,Kericho,-0.3291,35.2682
Kipkelion Sub District Hospital,Sub-District Hospital,MoH,Kericho,-0.1897304,35.4583884
Litein AIC Mission Hospital,Mission Hospital,FBO,Kericho,-0.5815517,35.1884928
Londiani District Hospital,District Hospital,MoH,Kericho,-0.1663,35.5924
Roret Sub-District Hospital,Sub-District Hospital,MoH,Kericho,-0.5005169,35.0994415
Sigowet Sub-District Hospital,District Hospital,MoH,Kericho,-0.3982,35.0497
Caritas community Hospital,Hospital,CBO,Kiambu,-1.0689668,37.1697503
Cure AIC International Hospital,Mission Hospital,FBO,Kiambu,-0.9468,36.5944
Gatundu District Hospital,District Hospital,MoH,Kiambu,-1.0157,36.9058
Githunguri Holy Family Mission Hospital,Mission Hospital,FBO,Kiambu,-1.0587,36.774
Igegania Sub-District Hospital,Sub-District Hospital,MoH,Kiambu,-0.9738716,36.9280179
Immaculate Heart of Mary Hospital,Mission Hospital,FBO,Kiambu,-1.06969,37.234
Kalimoni Hospital,Mission Hospital,FBO,Kiambu,-1.1441533,36.9559196
Kereita Immaculate Heart Hospital,Mission Hospital,FBO,Kiambu,-0.993232,36.65527
Kiambu District Hospital,District Hospital,MoH,Kiambu,-1.1694,36.8299
Kihara Sub-District Hospital,Sub-District Hospital,MoH,Kiambu,-1.2147289,36.7660313
Kijabe AIC Hospital,Mission Hospital,FBO,Kiambu,-0.9435,36.5943
Kikuyu PCEA Hospital,Mission Hospital,FBO,Kiambu,-1.245,36.6652
Kilimambogo Mission Hospital,Mission Hospital,FBO,Kiambu,-1.06235,37.23774
Mary Help of The Sick Hospital,Mission Hospital,FBO,Kiambu,-1.0400231,37.0903422
Nazareth Hospital,Mission Hospital,FBO,Kiambu,-1.14729,36.94985
Nazareth Hospital Limuru,Mission Hospital,FBO,Kiambu,-1.13613,36.7255
Neema Hospital,Mission Hospital,FBO,Kiambu,-1.1892935,36.9328632
Nyathuna Sub District Hospital,Sub-District Hospital,MoH,Kiambu,-1.1860652,36.684316
Oaklands Mission Hospital,Mission Hospital,FBO,Kiambu,-1.12736,36.97206
Oasis Mission Hospital,Mission Hospital,FBO,Kiambu,-1.2323,36.738
Ruiru Sub-District Hospital,Sub-District Hospital,MoH,Kiambu,-1.144374,36.9553884
St Mulumba Mission Hospital,Mission Hospital,FBO,Kiambu,-1.0549393,37.101537
Thika Level 5 Hospital,Provincial General Hospital,MoH,Kiambu,-1.0415,37.0763
Tigoni District Hospital,District Hospital,MoH,Kiambu,-1.1265,36.6722
Bamba Sub-District Hospital,Sub-District Hospital,MoH,Kilifi,-3.5454,39.5237
Jibana Sub District Hospital,Sub-District Hospital,MoH,Kilifi,-3.8311,39.6865
Kilifi District Hospital,District Hospital,MoH,Kilifi,-3.63205,39.85722
Malindi District Hospital,District Hospital,MoH,Kilifi,-3.2165,40.1182
Mariakani District Hospital,District Hospital,MoH,Kilifi,-3.8567,39.4939
St Luke's Kaloleni ACK Hospital,Mission Hospital,FBO,Kilifi,-3.812,39.6331
Tawfiq Muslim Hospital,Mission Hospital,FBO,Kilifi,-3.2209,40.1127
Karira Mission Hospital,Mission Hospital,FBO,Kirinyaga,-0.664146,37.3500067
Kerugoya District Hospital,District Hospital,MoH,Kirinyaga,-0.5013,37.2805
Kianyaga Sub-District Hospital,Sub-District Hospital,MoH,Kirinyaga,-0.50418,37.32452
Kimbimbi Sub-District Hospital,Sub-District Hospital,MoH,Kirinyaga,-0.6171,37.3651
Mwea Our Lady of LourdesMission Hospital,Mission Hospital,FBO,Kirinyaga,-0.6614,37.3492
Sagana Sub-District Hospital,Sub-District Hospital,MoH,Kirinyaga,-0.6667,37.2091
Christamarianne Mission Hospital,Mission Hospital,FBO,Kisii,-0.6795,34.7716
Etago Sub-District Hospital,Sub-District Hospital,MoH,Kisii,-0.9024,34.6593
Gesusu Sub-District Hospital,Sub-District Hospital,MoH,Kisii,-0.8736817,34.9091045
Gucha District Hospital,District Hospital,MoH,Kisii,-0.794,34.7255
Ibacho Sub-District Hospital,Sub-District Hospital,MoH,Kisii,-0.8091294,34.905185
Ibeno Sub-District Hospital,Sub-District Hospital,MoH,Kisii,-0.7772,34.8521
Iyabe District Hospital,District Hospital,MoH,Kisii,-0.691,34.6799
Kenyenya District Hospital,District Hospital,MoH,Kisii,-0.8863,34.7289
Keumbu Sub-District Hospital,Sub-District Hospital,MoH,Kisii,-0.7312,34.8467
Kisii Level 5 Hospital,District Hospital,MoH,Kisii,-0.6682,34.7704
Marani District Hospital,District Hospital,MoH,Kisii,-0.5781,34.7989
Masimba Sub-District Hospital,Sub-District Hospital,MoH,Kisii,-0.7810136,34.9461043
Nduru District Hospital,District Hospital,MoH,Kisii,-0.80782,34.62814
Nyacheki Sub-District Hospital,Sub-District Hospital,MoH,Kisii,-0.8907,34.8772
Nyamache District Hospital,District Hospital,MoH,Kisii,-0.8535,34.8281
Tabaka Mission Hospital,Mission Hospital,FBO,Kisii,-0.7445,34.6665
Ahero County Hospital,District Hospital,MoH,Kisumu,-0.1708,34.9231
Chulaimbo Sub-District Hospital,Sub-District Hospital,MoH,Kisumu,-0.0352,34.6373
Gita Sub-County Hospital,Sub-District Hospital,Local authority,Kisumu,-0.025,34.7898
Kisumu District Hospital,District Hospital,MoH,Kisumu,-0.0989,34.7552
Kombewa District Hospital,District Hospital,MoH,Kisumu,-0.1012,34.5171
Lumumba Sub County Hospital,Sub-District Hospital,Local authority,Kisumu,-0.097,34.7653
Maseno Mission Hospital,Mission Hospital,FBO,Kisumu,0.0035,34.6102
Masogo Sub District Hospital,Sub-District Hospital,MoH,Kisumu,-0.09843,35.00522
Miranga Sub District Hospital,Sub-District Hospital,MoH,Kisumu,-0.0765938,34.5443693
Muhoroni Sub-District Hospital,Sub-District Hospital,MoH,Kisumu,-0.1511,35.2055
Nyabondo Mission Hospital,Mission Hospital,FBO,Kisumu,-0.38168,34.97848
Nyahera Sub District Hospital,Sub-District Hospital,MoH,Kisumu,-0.032,34.7119
Nyakach Sub County Hospital,Sub-District Hospital,MoH,Kisumu,-0.3115,34.9366
Nyanza Provincial General Hospital,Provincial General Hospital,MoH,Kisumu,-0.0864,34.7702
Rabuor Sub county Hospital,Sub-District Hospital,MoH,Kisumu,-0.1533,34.8298
St Monica Hospital,Mission Hospital,FBO,Kisumu,-0.0422,34.7697
Victoria Sub District Hospital,Sub-District Hospital,MoH,Kisumu,-0.1088,34.7503
Ikanga Sub-District Hospital,Sub-District Hospital,MoH,Kitui,-1.7020641,38.0628729
Kanyangi Sub-District Hospital,Sub-District Hospital,MoH,Kitui,-1.7537,37.9269
Katulani Sub District Hospital,Sub-District Hospital,MoH,Kitui,-1.4952,37.9437
Kauwi Sub-District Hospital,Sub-District Hospital,MoH,Kitui,-1.2462,37.91488
Kitui District Hospital,District Hospital,MoH,Kitui,-1.3656,38.0119
Kyuso District Hospital,District Hospital,MoH,Kitui,-0.5517,38.218
Migwani Sub-District Hospital,Sub-District Hospital,MoH,Kitui,-1.0971,38.0187
Muthale Mission Hospital,Mission Hospital,FBO,Kitui,-1.1945,37.9995
Mutitu Sub-District Hospital,Sub-District Hospital,MoH,Kitui,-1.2262,38.1898
Mutomo Mission Hospital,Mission Hospital,FBO,Kitui,-1.8472,38.2079
Mwingi District Hospital,District Hospital,MoH,Kitui,-0.9346,38.0608
Nuu Sub-District Hospital,Sub-District Hospital,MoH,Kitui,-1.0599,38.35881
Tseikuru Sub-District Hospital,Sub-District Hospital,MoH,Kitui,-0.31866,38.22111
Kinango District Hospital,District Hospital,MoH,Kwale,-4.1399,39.3132
Kwale District Hospital,District Hospital,MoH,Kwale,-4.1751,39.456
Msambweni District Hospital,District Hospital,MoH,Kwale,-4.4801,39.4708
Doldol Sub District Hospital,Sub-District Hospital,MoH,Laikipia,0.39166,37.16561
Nanyuki District Hospital,District Hospital,MoH,Laikipia,0.0151,37.0789
Nyahururu District Hospital,District Hospital,MoH,Laikipia,0.0380284,36.3595051
Rumuruti District Hospital,District Hospital,MoH,Laikipia,0.0347,36.3638
Faza Hospital,Hospital,MoH,Lamu,-2.05792,41.11122
Lamu District Hospital,District Hospital,MoH,Lamu,-2.2786,40.9068
Mpeketoni Sub-District Hospital,Sub-District Hospital,MoH,Lamu,-2.3886,40.6989
Bishop Kioko Catholic Hospital,Mission Hospital,FBO,Machakos,-1.5239,37.2641
Kangundo District Hospital,District Hospital,MoH,Machakos,-1.2956,37.3454
Kathiani District Hospital,District Hospital,MoH,Machakos,-1.4106,37.3277
Machakos Level 5 Hospital,Provincial General Hospital,MoH,Machakos,-1.5204,37.2665
Masinga Sub-County Hospital,Sub-District Hospital,MoH,Machakos,-0.97736,37.60568
Matuu District Hospital,District Hospital,MoH,Machakos,-1.1483,37.5475
Mwala Subcounty Hospital,Sub-District Hospital,MoH,Machakos,-1.3464,37.4515
Kibwezi Sub County Hospital,Sub-District Hospital,MoH,Makueni,-2.4096,37.9668
Kikoko Mission Hospital,Mission Hospital,FBO,Makueni,-1.8038,37.3953
Kilungu Sub-District Hospital,Sub-District Hospital,MoH,Makueni,-1.7860994,37.3583007
Kisau Sub District Hospital,Sub-District Hospital,MoH,Makueni,-1.625,37.5572
Makindu District Hospital,District Hospital,MoH,Makueni,-2.2813,37.8241
Makueni District Hospital,District Hospital,MoH,Makueni,-1.781,37.627
Matiliku District Hospital,District Hospital,MoH,Makueni,-1.9465,37.535
Mbooni District Hospital,District Hospital,MoH,Makueni,-1.6565,37.4532
Mtitoandei Sub District Hospital,Sub-District Hospital,MoH,Makueni,-2.6717,38.1655
Nunguni Sub-District Hospital,Sub-District Hospital,MoH,Makueni,-1.78343,37.35991
Sikh Temple Hospital,Mission Hospital,FBO,Makueni,-2.2808,37.8205
Sultan Hamud Sub District Hospital,Sub-District Hospital,MoH,Makueni,-2.014,37.3871
Tawa Sub-Distrct Hospital,Sub-District Hospital,MoH,Makueni,-1.5453,37.4657
Banisa Sub County Hospital,Sub-District Hospital,MoH,Mandera,3.9396281,40.3410318
Elwak District Hospital,District Hospital,MoH,Mandera,2.8055,40.9304
Lafey Sub-District Hospital,Sub-District Hospital,MoH,Mandera,3.15093,41.1886
Mandera District Hospital,District Hospital,MoH,Mandera,3.9384,41.8645
Rhamu Sub-District Hospital,Sub-District Hospital,MoH,Mandera,4.0185,41.0636
Takaba District Hospital,District Hospital,MoH,Mandera,3.3928308,40.2257404
Kalacha Hospital,Hospital,MoH,Marsabit,3.12688,37.42475
Laisamis Catholic Hospital,Mission Hospital,FBO,Marsabit,1.70101,38.0251
Marsabit District Hospital,District Hospital,MoH,Marsabit,2.3239,37.9909
Moyale District Hospital,District Hospital,MoH,Marsabit,3.52254,39.05001
Sololo Mission Hospital,Mission Hospital,FBO,Marsabit,3.5652,38.6451
Chaaria Mission Hospital,Mission Hospital,FBO,Meru,-0.0137,37.76961
Consolata Hospital,Mission Hospital,FBO,Meru,-0.0646,37.6637
Cottolengo Mission Hospital,Mission Hospital,FBO,Meru,-0.00245,37.76659
Giaki Sub-District Hospital,Sub-District Hospital,MoH,Meru,0.03021,37.76489
Githongo District Hospital,District Hospital,MoH,Meru,-0.0025,37.5913
Igoji Mission Hospital,Mission Hospital,FBO,Meru,-0.18987,37.67976
Kanyakine District Hospital,District Hospital,MoH,Meru,-0.1291,37.6756
Kibirichia Sub-District Hospital,Sub-District Hospital,MoH,Meru,0.1098149,37.5124275
Kinoro Sub-District Hospital,Sub-District Hospital,MoH,Meru,-0.17948,37.62503
Maua Methodist Hospital,Mission Hospital,FBO,Meru,0.231,37.9419
Mbeu Sub-District Hospital,Sub-District Hospital,MoH,Meru,0.058,37.8211
Meru District Hospital,District Hospital,MoH,Meru,0.0512,37.6508
Miathene District Hospital,District Hospital,MoH,Meru,0.1509,37.7899
Mikinduri Sub-District Hospital,Sub-District Hospital,MoH,Meru,0.1237,37.8339
Mikumbune Sub-District Hospital,Sub-District Hospital,MoH,Meru,-0.0762,37.6165
Muthara Sub-District Hospital,Sub-District Hospital,MoH,Meru,0.2236,37.7948
Mutuati Catholic Hospital,Mission Hospital,FBO,Meru,0.3813,37.9804
Mutuati Sub-District Hospital,Sub-District Hospital,MoH,Meru,0.38287,37.98086
Nyambene District Hospital,District Hospital,MoH,Meru,0.246,37.87
St Ann Hospital,Mission Hospital,FBO,Meru,-0.0383,37.6618
St Lukes Cottage Hospital,Mission Hospital,FBO,Meru,0.1191,37.56
St Theresa Kiirua Hospital,Mission Hospital,FBO,Meru,0.1278,37.5825
Tigania St. John of God Hospital,Mission Hospital,FBO,Meru,0.19886,37.79136
Timau Sub-District Hospital,Sub-District Hospital,MoH,Meru,0.0922213,37.2461036
Awendo Sub-District Hospital,Sub-District Hospital,MoH,Migori,-0.9058,34.5322
Isibania Sub-District Hospital,Sub-District Hospital,MoH,Migori,-1.2334,34.4806
Karungu Sub-District Hospital,Sub-District Hospital,MoH,Migori,-0.7954,34.1796
Kegonga District Hospital,District Hospital,MoH,Migori,-1.2559,34.6521
Kuria District Hospital,District Hospital,MoH,Migori,-1.1801,34.6283
Macalder Sub-District Hospital,Sub-District Hospital,MoH,Migori,-0.9663,34.2883
Migori District Hospital,District Hospital,MoH,Migori,-1.0604,34.4763
Mother Solbritt Hospital,Mission Hospital,FBO,Migori,,
Ntimaru Sub-District Hospital,Sub-District Hospital,MoH,Migori,-1.3314,34.6861
Othoro Sub District Hospital,Sub-District Hospital,MoH,Migori,-0.8907445,34.3845221
Rongo District Hospital,District Hospital,MoH,Migori,-0.7579,34.6031
St Camillus Mission Hospital,Mission Hospital,FBO,Migori,-0.8397793,34.1583639
St Joseph Mission Hospital,Mission Hospital,FBO,Migori,-1.0708,34.4747
Bomu Medical Hospital Changamwe,Hospital,NGO,Mombasa,-4.0277041,39.616919
Coast Province General Hospital,Provincial General Hospital,MoH,Mombasa,-4.02796,39.68619
Likoni District Hospital,District Hospital,MoH,Mombasa,-4.0852,39.6555
Mewa Hospital,Mission Hospital,FBO,Mombasa,-4.05305,39.66154
Port Reitz District Hospital,District Hospital,MoH,Mombasa,-4.0393,39.6029
Sayyida Fatimah Hospital,Mission Hospital,FBO,Mombasa,-4.02832,39.68701
Tudor District Hospital,District Hospital,MoH,Mombasa,-4.03993,39.664
Gaichanjiru Hospital,Mission Hospital,FBO,Murang'a,-0.8846283,37.0514238
Githumu Hospital,Mission Hospital,FBO,Murang'a,-0.8267,36.9135
Kandara Sub County Hospital,Sub-District Hospital,MoH,Murang'a,-0.9009223,37.0022616
Kangema Sub-District Hospital,Sub-District Hospital,MoH,Murang'a,-0.6871,36.9707
Kigumo Sub County Hospital,Sub-District Hospital,MoH,Murang'a,-0.8041,36.9614
Kiria-Ini Mission Hospital,Mission Hospital,FBO,Murang'a,-0.6025,36.953
Kirwara Sub District Hospital,Sub-District Hospital,MoH,Murang'a,-0.92936,36.94314
Maragua District Hospital,District Hospital,MoH,Murang'a,-0.7869,37.1266
Murang'a District Hospital,District Hospital,MoH,Murang'a,-0.7159,37.1599
Muriranjas Sub-District Hospital,Sub-District Hospital,MoH,Murang'a,-0.7432,36.9731
Coptic Hospital,Mission Hospital,FBO,Nairobi,-1.2979104,36.796976
Jamaa Mission Hospital,Mission Hospital,FBO,Nairobi,-1.2817,36.8732
Kayole II Sub-District Hospital,Sub-District Hospital,Local authority,Nairobi,-1.2665,36.9167
Kenyatta National Hospital,National Referral Hospital,MoH,Nairobi,-1.3009,36.8064
Mama Lucy Kibaki Hospital,Provincial General Hospital,MoH,Nairobi,-1.2739389,36.8984975
Mbagathi District Hospital,District Hospital,MoH,Nairobi,-1.3079,36.8022
Mukuru Provide International Hospital,Hospital,NGO,Nairobi,-1.3252,36.8972
Mutuini Sub-District Hospital,Sub-District Hospital,MoH,Nairobi,-1.289269,36.6963
Ruaraka Uhai Neema Hospital,Mission Hospital,FBO,Nairobi,-1.2274,36.883606
St Francis Community Hospital,Mission Hospital,FBO,Nairobi,-1.2253475,36.9154455
St Mac's Hospital,Hospital,CBO,Nairobi,-1.312,36.7979
St Mary's Mission Hospital,Mission Hospital,FBO,Nairobi,-1.3223,36.7744
Bahati District Hospital,District Hospital,MoH,Nakuru,-0.1674,36.1232
Elburgon Sub-District Hospital,Sub-District Hospital,MoH,Nakuru,-0.3033,35.8074
Gilgil Sub-District Hospital,Sub-District Hospital,MoH,Nakuru,-0.5034,36.3234
Kabazi Sub-District Hospital,Sub-District Hospital,MoH,Nakuru,-0.0763,36.1679
Molo District Hospital,District Hospital,MoH,Nakuru,-0.245,35.7405
Naivasha District Hospital,District Hospital,MoH,Nakuru,-0.7163,36.4375
Nakuru Provincial General Hospital,Provincial General Hospital,MoH,Nakuru,-0.2813,36.0732
Olenguruone Sub-District Hospital,Sub-District Hospital,MoH,Nakuru,-0.5885,35.685
Rhein Valley Hospital,Hospital,NGO,Nakuru,-0.36452,36.2409127
St Mary's Hospital,Mission Hospital,FBO,Nakuru,-0.4144976,36.2572
Subukia Sub-District Hospital,Sub-District Hospital,MoH,Nakuru,0.0055,36.2295
Chepterwai Sub-District Hospital,Sub-District Hospital,MoH,Nandi,0.5228,34.9361
Kapsabet District Hospital,District Hospital,MoH,Nandi,0.2032,35.0994
Kaptumo Sub-District Hospital,Sub-District Hospital,MoH,Nandi,0.073848,35.070797
Meteitei Sub-District Hospital,Sub-District Hospital,MoH,Nandi,0.0060401,35.3077133
Nandi Hills District Hospital,District Hospital,MoH,Nandi,0.1047,35.183
Lolgorian Sub District Hospital,Sub-District Hospital,MoH,Narok,-1.2341,34.7997
Narok District Hospital,District Hospital,MoH,Narok,-1.0914,35.8707
Ololulunga District Hospital,District Hospital,MoH,Narok,-1.0027,35.6647
St Joseph Hospital,Mission Hospital,FBO,Narok,-1.0043,34.8737
Transmara District Hospital,District Hospital,MoH,Narok,-1.0077,34.8818
Ekerenyo Sub-District Hospital,Sub-District Hospital,MoH,Nyamira,-0.5282,34.9878
Esani Sub-District Hospital,Sub-District Hospital,MoH,Nyamira,-0.6766,34.9529
Kijauri Sub District Hospital,Sub-District Hospital,MoH,Nyamira,-0.76318,35.01666
Manga District Hospital,District Hospital,MoH,Nyamira,-0.6132,34.8362
Masaba District Hospital,District Hospital,MoH,Nyamira,-0.7810136,34.948293
Nyamira District Hospital,District Hospital,MoH,Nyamira,-0.5624,34.9352
Nyamusi Sub-District Hospital,Sub-District Hospital,MoH,Nyamira,-0.4787,34.9825
NyangenaSub District Hospital,Sub-District Hospital,MoH,Nyamira,-0.6604058,34.7404795
Engineer District Hospital,District Hospital,MoH,Nyandarua,-0.607799,36.574149
North Kinangop Catholic Hospital,Mission Hospital,FBO,Nyandarua,-0.5550916,36.5526415
Olkalou Sub-District Hospital,Sub-District Hospital,MoH,Nyandarua,-0.2751,36.3776
Consolata Mission Hospital,Mission Hospital,FBO,Nyeri,-0.41383,36.9197
Karatina District Hospital,District Hospital,MoH,Nyeri,-0.4758,37.1302
Mary Immaculate Hospital,Mission Hospital,FBO,Nyeri,-0.3305,36.9045
Mt Kenya Sub-District Hospital,Sub-District Hospital,MoH,Nyeri,-0.4241,36.9341
Mukurweini District Hospital,District Hospital,MoH,Nyeri,-0.5592,37.0446
Nyeri Provincial General Hospital,Provincial General Hospital,MoH,Nyeri,-0.424,36.9611
Othaya Sub-District Hospital,Sub-District Hospital,MoH,Nyeri,-0.5399,36.94
Tumutumu PCEA Hospital,Mission Hospital,FBO,Nyeri,-0.4855,37.0795
Baragoi Sub-District Hospital,Sub-District Hospital,MoH,Samburu,1.7826,36.7881
Maralal District Hospital,District Hospital,MoH,Samburu,1.0963,36.6993
Wamba Catholic Hospital,Mission Hospital,FBO,Samburu,0.9782,37.3239
Ambira Sub-District Hospital,Sub-District Hospital,MoH,Siaya,0.1769,34.2727
Bondo District Hospital,District Hospital,MoH,Siaya,-0.0902,34.2745
Got Agulu Sub-District Hospital,Sub-District Hospital,MoH,Siaya,-0.0378813,34.0310161
Madiany Sub County Hospital,Sub-District Hospital,MoH,Siaya,-0.2813,34.3224
Sega Cottage Hospital,Hospital,MoH,Siaya,0.2593,34.2255
Siaya District Hospital,District Hospital,MoH,Siaya,0.0631,34.2839
Ukwala Sub County Hospital,Sub-District Hospital,MoH,Siaya,0.193,34.1883
Yala Sub-District Hospital,Sub-District Hospital,MoH,Siaya,0.10102,34.5375
Mwatate Sub-District Hospital,Sub-District Hospital,MoH,Taita Taveta,-3.5073,38.3686
Taveta District Hospital,District Hospital,MoH,Taita Taveta,-3.3987,37.6773
Voi Moi District Hospital,District Hospital,MoH,Taita Taveta,-3.3909,38.5621
Wesu District Hospital,District Hospital,MoH,Taita Taveta,-3.4087,38.3422
Wundanyi Sub-District Hospital,Sub-District Hospital,MoH,Taita Taveta,-3.4028,38.36303
Bura District Hospital,District Hospital,MoH,Tana River,-1.1944883,39.839929
Hola District Hospital,District Hospital,MoH,Tana River,-1.4988,40.0303
Ngao District Hospital,District Hospital,MoH,Tana River,-2.4122,40.2011
Chogoria PCEA Hospital,Mission Hospital,FBO,Tharaka Nithi,-0.2305,37.6279
Chuka Cottage Hospital,Mission Hospital,FBO,Tharaka Nithi,-0.33657,37.64737
Chuka District Hospital,District Hospital,MoH,Tharaka Nithi,-0.3356,37.6458
Kibunga Sub-District Hospital,Sub-District Hospital,MoH,Tharaka Nithi,-0.0765,37.90707
Magutuni District Hospital,District Hospital,MoH,Tharaka Nithi,-0.2306,37.7361
St Orsola Mission Hospital,Mission Hospital,FBO,Tharaka Nithi,-0.316208,37.8992375
Tharaka District Hospital,District Hospital,MoH,Tharaka Nithi,-0.158184,37.975253
Endebess District Hospital,District Hospital,MoH,Trans Nzoia,1.0734,34.8569
Kapsara District Hospital,District Hospital,MoH,Trans Nzoia,1.0919,35.155
Kiminini Cottage Hospital,Mission Hospital,FBO,Trans Nzoia,0.8931,34.9241
Kitale District Hospital,District Hospital,MoH,Trans Nzoia,1.017,35.0037
Kwanza Sub County Hospital,Sub-District Hospital,MoH,Trans Nzoia,1.1629,34.9992
Saboti Sub-District Hospital,Sub-District Hospital,MoH,Trans Nzoia,0.93754,34.8375
Matunda sub county Hospital,Sub-District Hospital,MoH,Transzoia,0.8257361,35.1146699
Kakuma IRC  Hospital,Hospital,NGO,Turkana,3.73543,34.83956
Kakuma Mission Hospital,Mission Hospital,FBO,Turkana,3.7076,34.8651
Kakuma Sub County Hospital,Sub-District Hospital,MoH,Turkana,3.7114577,34.8612949
Kapedo Sub-District Hospital,Sub-District Hospital,MoH,Turkana,1.187,36.1047
Katilu District Hospital,District Hospital,MoH,Turkana,2.27425,35.429706
Lodwar District Hospital,District Hospital,MoH,Turkana,3.1192,35.6013
Lokichar Sub County Hospital,Sub-District Hospital,MoH,Turkana,2.372853,35.64215
Lokitaung Sub County Hospital,Sub-District Hospital,MoH,Turkana,4.2623,35.7543
Lopiding Sub-District Hospital,Sub-District Hospital,MoH,Turkana,4.2022145,34.382818
Lorugum Sub County Hospital,Sub-District Hospital,MoH,Turkana,2.893825,35.264752
Huruma District Hospital,District Hospital,MoH,Uasin Gishu,0.5295,35.2471
Moi Teaching Referral Hospital,National Referral Hospital,MoH,Uasin Gishu,0.5111929,35.2803433
Plateau Hospital,Mission Hospital,FBO,Uasin Gishu,0.4025,35.4229
Trinity Mission Hospital,Mission Hospital,FBO,Uasin Gishu,0.5698,35.1566
Uasin Gishu District Hospital,District Hospital,MoH,Uasin Gishu,0.5206,35.2648
Ziwa Sub-District Hospital,Sub-District Hospital,MoH,Uasin Gishu,0.849,35.2566
Emuhaya Sub County Referral Hospital,Sub-District Hospital,MoH,Vihiga,0.1126,34.633
Hamisi Sub District Hospital,Sub-District Hospital,MoH,Vihiga,0.0735,34.8021
Kaimosi Mission Hospital,Mission Hospital,FBO,Vihiga,0.1318,34.8483
Kima Mission Hospital,Mission Hospital,FBO,Vihiga,0.04,34.64
Mung'oma Hospital,Hospital,NGO,Vihiga,0.080836,34.721575
Vihiga District Hosptial,District Hospital,MoH,Vihiga,0.07981,34.72208
Abakore Sub District Hospital,Sub-District Hospital,MoH,Wajir,0.6331,39.7132
Buna Sub-District Hospital,Sub-District Hospital,MoH,Wajir,2.7942,39.4959
Bute District Hospital,District Hospital,MoH,Wajir,3.3738,39.4226
Dadajabula Sub District Hospital,Sub-District Hospital,MoH,Wajir,0.5385,40.8752
Griftu District Hospital,District Hospital,MoH,Wajir,1.9998,39.7542
Habaswein District Hospital,District Hospital,MoH,Wajir,1.0184,39.4939
Khorof Harar Sub-District Hospital,Sub-District Hospital,MoH,Wajir,2.2076,40.7548
Leheley Sub District Hospital,Sub-District Hospital,MoH,Wajir,1.6282,40.007
Wajir County Referral Hospital,County Referral Hospital,MoH,Wajir,1.7476,40.0623
Chepareria Sub District Hospital,Sub-District Hospital,MoH,West Pokot,1.30047,35.19926
Kacheliba District Hospital,District Hospital,MoH,West Pokot,1.49008,35.01068
Kapenguria District Hospital,District Hospital,MoH,West Pokot,1.2401,35.1184
Ortum Mission Hospital,Mission Hospital,FBO,West Pokot,1.4368,35.3595
Sigor Sub District Hospital,Sub-District Hospital,MoH,West Pokot,1.4858,35.4686
