Facility name,Facility type,Ownership,county,zone,vials_yr,serves_echis_county,recommended_product,version,plan_dated,note
Mariakani District Hospital,District Hospital,MoH,Kilifi,COAST,126,False,PANAF-Premium (alt: SAIMR Polyvalent),v0.7.4,September 2026,CoverMap feasibility demonstrator (IML 2) - NOT clinical guidance; informs procurement and placement only; not yet reviewed by the county or national programme; costed at the PANAF-Premium price - the SAIMR alternative is ~$315/vial (Toxins 2026)
Bishop Kioko Catholic Hospital,Mission Hospital,FBO,Machakos,RIFT_SEMIARID,145,True,PANAF-Premium,v0.7.4,September 2026,CoverMap feasibility demonstrator (IML 2) - NOT clinical guidance; informs procurement and placement only; not yet reviewed by the county or national programme; costed at the PANAF-Premium price - the SAIMR alternative is ~$315/vial (Toxins 2026)
Kanyakine District Hospital,District Hospital,MoH,Meru,RIFT_SEMIARID,69,False,PANAF-Premium (alt: SAIMR Polyvalent),v0.7.4,September 2026,CoverMap feasibility demonstrator (IML 2) - NOT clinical guidance; informs procurement and placement only; not yet reviewed by the county or national programme; costed at the PANAF-Premium price - the SAIMR alternative is ~$315/vial (Toxins 2026)
Gucha District Hospital,District Hospital,MoH,Kisii,WEST,87,False,PANAF-Premium (alt: SAIMR Polyvalent),v0.7.4,September 2026,CoverMap feasibility demonstrator (IML 2) - NOT clinical guidance; informs procurement and placement only; not yet reviewed by the county or national programme; costed at the PANAF-Premium price - the SAIMR alternative is ~$315/vial (Toxins 2026)
Ahmadiya Hospital,Mission Hospital,FBO,Kakamega,WEST,88,True,PANAF-Premium,v0.7.4,September 2026,CoverMap feasibility demonstrator (IML 2) - NOT clinical guidance; informs procurement and placement only; not yet reviewed by the county or national programme; costed at the PANAF-Premium price - the SAIMR alternative is ~$315/vial (Toxins 2026)
Ngong Rapha Hospital,Mission Hospital,FBO,Kajiado,RIFT_SEMIARID,91,False,PANAF-Premium (alt: SAIMR Polyvalent),v0.7.4,September 2026,CoverMap feasibility demonstrator (IML 2) - NOT clinical guidance; informs procurement and placement only; not yet reviewed by the county or national programme; costed at the PANAF-Premium price - the SAIMR alternative is ~$315/vial (Toxins 2026)
Kwanza Sub County Hospital,Sub-District Hospital,MoH,Trans Nzoia,WEST,48,True,PANAF-Premium,v0.7.4,September 2026,CoverMap feasibility demonstrator (IML 2) - NOT clinical guidance; informs procurement and placement only; not yet reviewed by the county or national programme; costed at the PANAF-Premium price - the SAIMR alternative is ~$315/vial (Toxins 2026)
Muhoroni Sub-District Hospital,Sub-District Hospital,MoH,Kisumu,WEST,48,False,PANAF-Premium (alt: SAIMR Polyvalent),v0.7.4,September 2026,CoverMap feasibility demonstrator (IML 2) - NOT clinical guidance; informs procurement and placement only; not yet reviewed by the county or national programme; costed at the PANAF-Premium price - the SAIMR alternative is ~$315/vial (Toxins 2026)
Kabarnet District Hospital,District Hospital,MoH,Baringo,RIFT_SEMIARID,45,True,PANAF-Premium,v0.7.4,September 2026,CoverMap feasibility demonstrator (IML 2) - NOT clinical guidance; informs procurement and placement only; not yet reviewed by the county or national programme; costed at the PANAF-Premium price - the SAIMR alternative is ~$315/vial (Toxins 2026)
Kauwi Sub-District Hospital,Sub-District Hospital,MoH,Kitui,RIFT_SEMIARID,56,True,PANAF-Premium,v0.7.4,September 2026,CoverMap feasibility demonstrator (IML 2) - NOT clinical guidance; informs procurement and placement only; not yet reviewed by the county or national programme; costed at the PANAF-Premium price - the SAIMR alternative is ~$315/vial (Toxins 2026)
Nyahururu District Hospital,District Hospital,MoH,Nyandarua,CENTRAL_HIGHLANDS,28,False,PANAF-Premium (alt: SAIMR Polyvalent),v0.7.4,September 2026,CoverMap feasibility demonstrator (IML 2) - NOT clinical guidance; informs procurement and placement only; not yet reviewed by the county or national programme; costed at the PANAF-Premium price - the SAIMR alternative is ~$315/vial (Toxins 2026)
Ololulunga District Hospital,District Hospital,MoH,Narok,RIFT_SEMIARID,26,False,PANAF-Premium (alt: SAIMR Polyvalent),v0.7.4,September 2026,CoverMap feasibility demonstrator (IML 2) - NOT clinical guidance; informs procurement and placement only; not yet reviewed by the county or national programme; costed at the PANAF-Premium price - the SAIMR alternative is ~$315/vial (Toxins 2026)
Kilifi District Hospital,District Hospital,MoH,Kilifi,COAST,38,False,PANAF-Premium (alt: SAIMR Polyvalent),v0.7.4,September 2026,CoverMap feasibility demonstrator (IML 2) - NOT clinical guidance; informs procurement and placement only; not yet reviewed by the county or national programme; costed at the PANAF-Premium price - the SAIMR alternative is ~$315/vial (Toxins 2026)
Maua Methodist Hospital,Mission Hospital,FBO,Meru,RIFT_SEMIARID,60,False,PANAF-Premium (alt: SAIMR Polyvalent),v0.7.4,September 2026,CoverMap feasibility demonstrator (IML 2) - NOT clinical guidance; informs procurement and placement only; not yet reviewed by the county or national programme; costed at the PANAF-Premium price - the SAIMR alternative is ~$315/vial (Toxins 2026)
Kianyaga Sub-District Hospital,Sub-District Hospital,MoH,Kirinyaga,CENTRAL_HIGHLANDS,45,False,PANAF-Premium (alt: SAIMR Polyvalent),v0.7.4,September 2026,CoverMap feasibility demonstrator (IML 2) - NOT clinical guidance; informs procurement and placement only; not yet reviewed by the county or national programme; costed at the PANAF-Premium price - the SAIMR alternative is ~$315/vial (Toxins 2026)
Katilu District Hospital,District Hospital,MoH,Turkana,ARID_NORTH,25,True,PANAF-Premium,v0.7.4,September 2026,CoverMap feasibility demonstrator (IML 2) - NOT clinical guidance; informs procurement and placement only; not yet reviewed by the county or national programme; costed at the PANAF-Premium price - the SAIMR alternative is ~$315/vial (Toxins 2026)
Makindu District Hospital,District Hospital,MoH,Makueni,RIFT_SEMIARID,23,True,PANAF-Premium,v0.7.4,September 2026,CoverMap feasibility demonstrator (IML 2) - NOT clinical guidance; informs procurement and placement only; not yet reviewed by the county or national programme; costed at the PANAF-Premium price - the SAIMR alternative is ~$315/vial (Toxins 2026)
Kakuma IRC  Hospital,Hospital,NGO,Turkana,ARID_NORTH,20,True,PANAF-Premium,v0.7.4,September 2026,CoverMap feasibility demonstrator (IML 2) - NOT clinical guidance; informs procurement and placement only; not yet reviewed by the county or national programme; costed at the PANAF-Premium price - the SAIMR alternative is ~$315/vial (Toxins 2026)
Garissa Provincial General Hospital,Provincial General Hospital,MoH,Garissa,ARID_NORTH,20,True,PANAF-Premium,v0.7.4,September 2026,CoverMap feasibility demonstrator (IML 2) - NOT clinical guidance; informs procurement and placement only; not yet reviewed by the county or national programme; costed at the PANAF-Premium price - the SAIMR alternative is ~$315/vial (Toxins 2026)
Bahati District Hospital,District Hospital,MoH,Nakuru,CENTRAL_HIGHLANDS,26,True,PANAF-Premium,v0.7.4,September 2026,CoverMap feasibility demonstrator (IML 2) - NOT clinical guidance; informs procurement and placement only; not yet reviewed by the county or national programme; costed at the PANAF-Premium price - the SAIMR alternative is ~$315/vial (Toxins 2026)
Likuyani Sub-District Hospital,Sub-District Hospital,MoH,Kakamega,WEST,40,True,PANAF-Premium,v0.7.4,September 2026,CoverMap feasibility demonstrator (IML 2) - NOT clinical guidance; informs procurement and placement only; not yet reviewed by the county or national programme; costed at the PANAF-Premium price - the SAIMR alternative is ~$315/vial (Toxins 2026)
Tot Sub-District Hospital,Sub-District Hospital,MoH,Elgeyo-Marakwet,RIFT_SEMIARID,28,True,PANAF-Premium,v0.7.4,September 2026,CoverMap feasibility demonstrator (IML 2) - NOT clinical guidance; informs procurement and placement only; not yet reviewed by the county or national programme; costed at the PANAF-Premium price - the SAIMR alternative is ~$315/vial (Toxins 2026)
Mutitu Sub-District Hospital,Sub-District Hospital,MoH,Kitui,RIFT_SEMIARID,17,True,PANAF-Premium,v0.7.4,September 2026,CoverMap feasibility demonstrator (IML 2) - NOT clinical guidance; informs procurement and placement only; not yet reviewed by the county or national programme; costed at the PANAF-Premium price - the SAIMR alternative is ~$315/vial (Toxins 2026)
Madiany Sub County Hospital,Sub-District Hospital,MoH,Siaya,WEST,29,False,PANAF-Premium (alt: SAIMR Polyvalent),v0.7.4,September 2026,CoverMap feasibility demonstrator (IML 2) - NOT clinical guidance; informs procurement and placement only; not yet reviewed by the county or national programme; costed at the PANAF-Premium price - the SAIMR alternative is ~$315/vial (Toxins 2026)
Dadaab Sub-District Hospital,Sub-District Hospital,MoH,Garissa,ARID_NORTH,16,True,PANAF-Premium,v0.7.4,September 2026,CoverMap feasibility demonstrator (IML 2) - NOT clinical guidance; informs procurement and placement only; not yet reviewed by the county or national programme; costed at the PANAF-Premium price - the SAIMR alternative is ~$315/vial (Toxins 2026)
Elwak District Hospital,District Hospital,MoH,Mandera,ARID_NORTH,16,True,PANAF-Premium,v0.7.4,September 2026,CoverMap feasibility demonstrator (IML 2) - NOT clinical guidance; informs procurement and placement only; not yet reviewed by the county or national programme; costed at the PANAF-Premium price - the SAIMR alternative is ~$315/vial (Toxins 2026)
Voi Moi District Hospital,District Hospital,MoH,Taita Taveta,COAST,15,True,PANAF-Premium,v0.7.4,September 2026,CoverMap feasibility demonstrator (IML 2) - NOT clinical guidance; informs procurement and placement only; not yet reviewed by the county or national programme; costed at the PANAF-Premium price - the SAIMR alternative is ~$315/vial (Toxins 2026)
Kinango District Hospital,District Hospital,MoH,Kwale,COAST,57,False,PANAF-Premium (alt: SAIMR Polyvalent),v0.7.4,September 2026,CoverMap feasibility demonstrator (IML 2) - NOT clinical guidance; informs procurement and placement only; not yet reviewed by the county or national programme; costed at the PANAF-Premium price - the SAIMR alternative is ~$315/vial (Toxins 2026)
Sigor Sub-District Hospital,Sub-District Hospital,MoH,Bomet,WEST,41,False,PANAF-Premium (alt: SAIMR Polyvalent),v0.7.4,September 2026,CoverMap feasibility demonstrator (IML 2) - NOT clinical guidance; informs procurement and placement only; not yet reviewed by the county or national programme; costed at the PANAF-Premium price - the SAIMR alternative is ~$315/vial (Toxins 2026)
Balambala Sub-District Hospital,Sub-District Hospital,MoH,Garissa,ARID_NORTH,14,True,PANAF-Premium,v0.7.4,September 2026,CoverMap feasibility demonstrator (IML 2) - NOT clinical guidance; informs procurement and placement only; not yet reviewed by the county or national programme; costed at the PANAF-Premium price - the SAIMR alternative is ~$315/vial (Toxins 2026)
Lorugum Sub County Hospital,Sub-District Hospital,MoH,Turkana,ARID_NORTH,14,True,PANAF-Premium,v0.7.4,September 2026,CoverMap feasibility demonstrator (IML 2) - NOT clinical guidance; informs procurement and placement only; not yet reviewed by the county or national programme; costed at the PANAF-Premium price - the SAIMR alternative is ~$315/vial (Toxins 2026)
Buna Sub-District Hospital,Sub-District Hospital,MoH,Wajir,ARID_NORTH,14,True,PANAF-Premium,v0.7.4,September 2026,CoverMap feasibility demonstrator (IML 2) - NOT clinical guidance; informs procurement and placement only; not yet reviewed by the county or national programme; costed at the PANAF-Premium price - the SAIMR alternative is ~$315/vial (Toxins 2026)
Lokitaung Sub County Hospital,Sub-District Hospital,MoH,Turkana,ARID_NORTH,13,True,PANAF-Premium,v0.7.4,September 2026,CoverMap feasibility demonstrator (IML 2) - NOT clinical guidance; informs procurement and placement only; not yet reviewed by the county or national programme; costed at the PANAF-Premium price - the SAIMR alternative is ~$315/vial (Toxins 2026)
Griftu District Hospital,District Hospital,MoH,Wajir,ARID_NORTH,13,True,PANAF-Premium,v0.7.4,September 2026,CoverMap feasibility demonstrator (IML 2) - NOT clinical guidance; informs procurement and placement only; not yet reviewed by the county or national programme; costed at the PANAF-Premium price - the SAIMR alternative is ~$315/vial (Toxins 2026)
Baragoi Sub-District Hospital,Sub-District Hospital,MoH,Samburu,ARID_NORTH,13,False,PANAF-Premium (alt: SAIMR Polyvalent),v0.7.4,September 2026,CoverMap feasibility demonstrator (IML 2) - NOT clinical guidance; informs procurement and placement only; not yet reviewed by the county or national programme; costed at the PANAF-Premium price - the SAIMR alternative is ~$315/vial (Toxins 2026)
Takaba District Hospital,District Hospital,MoH,Mandera,ARID_NORTH,12,True,PANAF-Premium,v0.7.4,September 2026,CoverMap feasibility demonstrator (IML 2) - NOT clinical guidance; informs procurement and placement only; not yet reviewed by the county or national programme; costed at the PANAF-Premium price - the SAIMR alternative is ~$315/vial (Toxins 2026)
Mandera District Hospital,District Hospital,MoH,Mandera,ARID_NORTH,12,True,PANAF-Premium,v0.7.4,September 2026,CoverMap feasibility demonstrator (IML 2) - NOT clinical guidance; informs procurement and placement only; not yet reviewed by the county or national programme; costed at the PANAF-Premium price - the SAIMR alternative is ~$315/vial (Toxins 2026)
Garbatulla District Hospital,District Hospital,MoH,Isiolo,ARID_NORTH,11,False,PANAF-Premium (alt: SAIMR Polyvalent),v0.7.4,September 2026,CoverMap feasibility demonstrator (IML 2) - NOT clinical guidance; informs procurement and placement only; not yet reviewed by the county or national programme; costed at the PANAF-Premium price - the SAIMR alternative is ~$315/vial (Toxins 2026)
Lodwar District Hospital,District Hospital,MoH,Turkana,ARID_NORTH,10,True,PANAF-Premium,v0.7.4,September 2026,CoverMap feasibility demonstrator (IML 2) - NOT clinical guidance; informs procurement and placement only; not yet reviewed by the county or national programme; costed at the PANAF-Premium price - the SAIMR alternative is ~$315/vial (Toxins 2026)
Lafey Sub-District Hospital,Sub-District Hospital,MoH,Mandera,ARID_NORTH,10,True,PANAF-Premium,v0.7.4,September 2026,CoverMap feasibility demonstrator (IML 2) - NOT clinical guidance; informs procurement and placement only; not yet reviewed by the county or national programme; costed at the PANAF-Premium price - the SAIMR alternative is ~$315/vial (Toxins 2026)
Banisa Sub County Hospital,Sub-District Hospital,MoH,Mandera,ARID_NORTH,10,True,PANAF-Premium,v0.7.4,September 2026,CoverMap feasibility demonstrator (IML 2) - NOT clinical guidance; informs procurement and placement only; not yet reviewed by the county or national programme; costed at the PANAF-Premium price - the SAIMR alternative is ~$315/vial (Toxins 2026)
Lamu District Hospital,District Hospital,MoH,Lamu,COAST,10,False,PANAF-Premium (alt: SAIMR Polyvalent),v0.7.4,September 2026,CoverMap feasibility demonstrator (IML 2) - NOT clinical guidance; informs procurement and placement only; not yet reviewed by the county or national programme; costed at the PANAF-Premium price - the SAIMR alternative is ~$315/vial (Toxins 2026)
Modogashe Sub-County Hospital,Sub-District Hospital,MoH,Garissa,ARID_NORTH,9,True,PANAF-Premium,v0.7.4,September 2026,CoverMap feasibility demonstrator (IML 2) - NOT clinical guidance; informs procurement and placement only; not yet reviewed by the county or national programme; costed at the PANAF-Premium price - the SAIMR alternative is ~$315/vial (Toxins 2026)
Engineer District Hospital,District Hospital,MoH,Nyandarua,CENTRAL_HIGHLANDS,13,False,PANAF-Premium (alt: SAIMR Polyvalent),v0.7.4,September 2026,CoverMap feasibility demonstrator (IML 2) - NOT clinical guidance; informs procurement and placement only; not yet reviewed by the county or national programme; costed at the PANAF-Premium price - the SAIMR alternative is ~$315/vial (Toxins 2026)
Doldol Sub District Hospital,Sub-District Hospital,MoH,Laikipia,RIFT_SEMIARID,18,False,PANAF-Premium (alt: SAIMR Polyvalent),v0.7.4,September 2026,CoverMap feasibility demonstrator (IML 2) - NOT clinical guidance; informs procurement and placement only; not yet reviewed by the county or national programme; costed at the PANAF-Premium price - the SAIMR alternative is ~$315/vial (Toxins 2026)
