priority,hospital,state,tier,lat,lon,envenomings_yr,vials_year,procure_usd_yr,product,version,plan_dated,note
1,Dawakin Kudu General Hospital,Kano,Tier3 provincial hospital,11.83970342,8.60135839,1264.0,2370,189600,PANAF-Premium,v0.7.4,September 2026,CoverMap feasibility demonstrator (IML 2) - NOT clinical guidance; informs procurement and placement only; not yet reviewed by the national programme
2,Sabon Wuse General Hospital,Niger,Tier3 provincial hospital,9.29985,7.2331,1069.3,2005,160400,PANAF-Premium,v0.7.4,September 2026,CoverMap feasibility demonstrator (IML 2) - NOT clinical guidance; informs procurement and placement only; not yet reviewed by the national programme
3,Turunku Rural Hospital,Kaduna,Tier3 provincial hospital,10.6467,7.346,775.2,1454,116320,PANAF-Premium,v0.7.4,September 2026,CoverMap feasibility demonstrator (IML 2) - NOT clinical guidance; informs procurement and placement only; not yet reviewed by the national programme
4,Makarfi General Hospital,Kaduna,Tier3 provincial hospital,11.362186,7.909904,360.3,676,54080,PANAF-Premium,v0.7.4,September 2026,CoverMap feasibility demonstrator (IML 2) - NOT clinical guidance; informs procurement and placement only; not yet reviewed by the national programme
5,Mani General Hospital,Katsina,Tier3 provincial hospital,12.861718999999999,7.878508,391.9,735,58800,PANAF-Premium,v0.7.4,September 2026,CoverMap feasibility demonstrator (IML 2) - NOT clinical guidance; informs procurement and placement only; not yet reviewed by the national programme
6,Boto General Hospital,Bauchi,Tier3 provincial hospital,9.723037,9.230223,258.8,486,38880,PANAF-Premium,v0.7.4,September 2026,CoverMap feasibility demonstrator (IML 2) - NOT clinical guidance; informs procurement and placement only; not yet reviewed by the national programme
7,Kafin Madaiki General Hospital,Jigawa,Tier3 provincial hospital,11.544257,9.822206,463.7,870,69600,PANAF-Premium,v0.7.4,September 2026,CoverMap feasibility demonstrator (IML 2) - NOT clinical guidance; informs procurement and placement only; not yet reviewed by the national programme
8,Kumo General Hospital,Gombe,Tier3 provincial hospital,10.050865,11.196544,530.1,995,79600,PANAF-Premium,v0.7.4,September 2026,CoverMap feasibility demonstrator (IML 2) - NOT clinical guidance; informs procurement and placement only; not yet reviewed by the national programme
9,Oro General Hospital,Kwara,Tier3 provincial hospital,8.230017,4.897512,520.1,976,78080,PANAF-Premium,v0.7.4,September 2026,CoverMap feasibility demonstrator (IML 2) - NOT clinical guidance; informs procurement and placement only; not yet reviewed by the national programme
10,Aliade General Hospital,Benue,Tier3 provincial hospital,7.29649,8.48702,396.1,743,59440,PANAF-Premium,v0.7.4,September 2026,CoverMap feasibility demonstrator (IML 2) - NOT clinical guidance; informs procurement and placement only; not yet reviewed by the national programme
11,Kaura Rural Hospital,Kaduna,Tier3 provincial hospital,10.09723,8.46561,339.3,637,50960,PANAF-Premium,v0.7.4,September 2026,CoverMap feasibility demonstrator (IML 2) - NOT clinical guidance; informs procurement and placement only; not yet reviewed by the national programme
12,Lemu Rural Hospital,Niger,Tier3 provincial hospital,9.4,6.03333,271.9,510,40800,PANAF-Premium,v0.7.4,September 2026,CoverMap feasibility demonstrator (IML 2) - NOT clinical guidance; informs procurement and placement only; not yet reviewed by the national programme
13,Ankpa General Hospital,Kogi,Tier3 provincial hospital,7.404127,7.631731,402.4,755,60400,PANAF-Premium,v0.7.4,September 2026,CoverMap feasibility demonstrator (IML 2) - NOT clinical guidance; informs procurement and placement only; not yet reviewed by the national programme
14,Agbaja Cottage Hospital,Kogi,Tier3 provincial hospital,7.993027,6.635398,395.5,742,59360,PANAF-Premium,v0.7.4,September 2026,CoverMap feasibility demonstrator (IML 2) - NOT clinical guidance; informs procurement and placement only; not yet reviewed by the national programme
15,Rabah General Hospital,Sokoto,Tier3 provincial hospital,13.123667,5.49891,344.1,646,51680,PANAF-Premium,v0.7.4,September 2026,CoverMap feasibility demonstrator (IML 2) - NOT clinical guidance; informs procurement and placement only; not yet reviewed by the national programme
16,Katagum General Hospital,Bauchi,Tier3 provincial hospital,12.287757,10.344803,390.1,732,58560,PANAF-Premium,v0.7.4,September 2026,CoverMap feasibility demonstrator (IML 2) - NOT clinical guidance; informs procurement and placement only; not yet reviewed by the national programme
17,Kazaure General Hospital,Jigawa,Tier3 provincial hospital,12.6517,8.4132,490.1,919,73520,PANAF-Premium,v0.7.4,September 2026,CoverMap feasibility demonstrator (IML 2) - NOT clinical guidance; informs procurement and placement only; not yet reviewed by the national programme
18,Hiitom Comprehensive Health Centre,Benue,Tier3 provincial hospital,6.92973,9.30242,310.5,583,46640,PANAF-Premium,v0.7.4,September 2026,CoverMap feasibility demonstrator (IML 2) - NOT clinical guidance; informs procurement and placement only; not yet reviewed by the national programme
19,Borrong Cottage Hospital,Adamawa,Tier3 provincial hospital,9.54156967,12.17257332,359.4,674,53920,PANAF-Premium,v0.7.4,September 2026,CoverMap feasibility demonstrator (IML 2) - NOT clinical guidance; informs procurement and placement only; not yet reviewed by the national programme
20,Akwanga General Hospital,Nasarawa,Tier3 provincial hospital,8.914487999999999,8.387563,356.9,670,53600,PANAF-Premium,v0.7.4,September 2026,CoverMap feasibility demonstrator (IML 2) - NOT clinical guidance; informs procurement and placement only; not yet reviewed by the national programme
21,Msw General Hospital,Katsina,Tier3 provincial hospital,12.1372,7.66856,405.3,760,60800,PANAF-Premium,v0.7.4,September 2026,CoverMap feasibility demonstrator (IML 2) - NOT clinical guidance; informs procurement and placement only; not yet reviewed by the national programme
22,Bene Hospital,Plateau,Tier3 provincial hospital,8.877077,9.54455,295.3,554,44320,PANAF-Premium,v0.7.4,September 2026,CoverMap feasibility demonstrator (IML 2) - NOT clinical guidance; informs procurement and placement only; not yet reviewed by the national programme
23,Bungudu General Hospital,Zamfara,Tier3 provincial hospital,12.22229,6.62268,299.0,561,44880,PANAF-Premium,v0.7.4,September 2026,CoverMap feasibility demonstrator (IML 2) - NOT clinical guidance; informs procurement and placement only; not yet reviewed by the national programme
24,Aliero General Hospital,Kebbi,Tier3 provincial hospital,12.294564,4.468149,294.1,552,44160,PANAF-Premium,v0.7.4,September 2026,CoverMap feasibility demonstrator (IML 2) - NOT clinical guidance; informs procurement and placement only; not yet reviewed by the national programme
25,Misau General Hospital,Bauchi,Tier3 provincial hospital,11.316313,10.472018,361.7,679,54320,PANAF-Premium,v0.7.4,September 2026,CoverMap feasibility demonstrator (IML 2) - NOT clinical guidance; informs procurement and placement only; not yet reviewed by the national programme
26,Mubi General Hospital,Adamawa,Tier3 provincial hospital,10.266442,13.267159,287.2,539,43120,PANAF-Premium,v0.7.4,September 2026,CoverMap feasibility demonstrator (IML 2) - NOT clinical guidance; informs procurement and placement only; not yet reviewed by the national programme
27,Panda General Hospital,Nasarawa,Tier3 provincial hospital,9.265697000000001,7.837021,351.1,659,52720,PANAF-Premium,v0.7.4,September 2026,CoverMap feasibility demonstrator (IML 2) - NOT clinical guidance; informs procurement and placement only; not yet reviewed by the national programme
28,Bajama Comprehensive Health Centre,Bauchi,Tier3 provincial hospital,9.957096,10.068255,273.7,514,41120,PANAF-Premium,v0.7.4,September 2026,CoverMap feasibility demonstrator (IML 2) - NOT clinical guidance; informs procurement and placement only; not yet reviewed by the national programme
29,Burra General Hospital,Bauchi,Tier3 provincial hospital,11.017443,8.900628,213.7,401,32080,PANAF-Premium,v0.7.4,September 2026,CoverMap feasibility demonstrator (IML 2) - NOT clinical guidance; informs procurement and placement only; not yet reviewed by the national programme
30,Ringim General Hospital,Jigawa,Tier3 provincial hospital,12.14666017,9.15502782,372.9,700,56000,PANAF-Premium,v0.7.4,September 2026,CoverMap feasibility demonstrator (IML 2) - NOT clinical guidance; informs procurement and placement only; not yet reviewed by the national programme
31,Idah General Hospital,Kogi,Tier3 provincial hospital,7.1,6.7333,245.7,461,36880,PANAF-Premium,v0.7.4,September 2026,CoverMap feasibility demonstrator (IML 2) - NOT clinical guidance; informs procurement and placement only; not yet reviewed by the national programme
32,Abaji General Hospital,Abuja Federal Capital Territory,Tier3 provincial hospital,8.486525,6.944094,232.7,437,34960,PANAF-Premium,v0.7.4,September 2026,CoverMap feasibility demonstrator (IML 2) - NOT clinical guidance; informs procurement and placement only; not yet reviewed by the national programme
33,Bolori (Health Facility 1),Borno,Tier3 provincial hospital,11.853499,13.143882,232.2,436,34880,PANAF-Premium,v0.7.4,September 2026,CoverMap feasibility demonstrator (IML 2) - NOT clinical guidance; informs procurement and placement only; not yet reviewed by the national programme
34,Itedoirunda General Hospital,Kogi,Tier3 provincial hospital,8.26666,5.83333,231.3,434,34720,PANAF-Premium,v0.7.4,September 2026,CoverMap feasibility demonstrator (IML 2) - NOT clinical guidance; informs procurement and placement only; not yet reviewed by the national programme
35,David Mercy Jebba Medical Centre,Kwara,Tier3 provincial hospital,9.113241,4.823378,225.4,423,33840,PANAF-Premium,v0.7.4,September 2026,CoverMap feasibility demonstrator (IML 2) - NOT clinical guidance; informs procurement and placement only; not yet reviewed by the national programme
36,Senchi General Hospital,Kebbi,Tier3 provincial hospital,11.36567,5.21513,224.3,421,33680,PANAF-Premium,v0.7.4,September 2026,CoverMap feasibility demonstrator (IML 2) - NOT clinical guidance; informs procurement and placement only; not yet reviewed by the national programme
37,Akpene Comprehensive Health Centre,Benue,Tier3 provincial hospital,7.6716,9.62892,288.6,542,43360,PANAF-Premium,v0.7.4,September 2026,CoverMap feasibility demonstrator (IML 2) - NOT clinical guidance; informs procurement and placement only; not yet reviewed by the national programme
38,"Kassa ""A"" Hospital",Taraba,Tier3 provincial hospital,8.872321,11.61788,218.9,411,32880,PANAF-Premium,v0.7.4,September 2026,CoverMap feasibility demonstrator (IML 2) - NOT clinical guidance; informs procurement and placement only; not yet reviewed by the national programme
39,Ngoshe General Hospital,Borno,Tier3 provincial hospital,11.14164,13.77493,196.7,369,29520,PANAF-Premium,v0.7.4,September 2026,CoverMap feasibility demonstrator (IML 2) - NOT clinical guidance; informs procurement and placement only; not yet reviewed by the national programme
40,Nafada General Hospital,Gombe,Tier3 provincial hospital,11.09206,11.34156,192.4,361,28880,PANAF-Premium,v0.7.4,September 2026,CoverMap feasibility demonstrator (IML 2) - NOT clinical guidance; informs procurement and placement only; not yet reviewed by the national programme
41,Batsari General Hospital,Katsina,Tier3 provincial hospital,12.85415,7.2009,236.0,443,35440,PANAF-Premium,v0.7.4,September 2026,CoverMap feasibility demonstrator (IML 2) - NOT clinical guidance; informs procurement and placement only; not yet reviewed by the national programme
42,Udei Comprehensive Health Centre,Benue,Tier3 provincial hospital,8.09734,8.520014,311.0,584,46720,PANAF-Premium,v0.7.4,September 2026,CoverMap feasibility demonstrator (IML 2) - NOT clinical guidance; informs procurement and placement only; not yet reviewed by the national programme
43,Kagara General Hospital,Zamfara,Tier3 provincial hospital,12.34716,6.13134,172.3,324,25920,PANAF-Premium,v0.7.4,September 2026,CoverMap feasibility demonstrator (IML 2) - NOT clinical guidance; informs procurement and placement only; not yet reviewed by the national programme
44,Gashua Sabon Gari General Hospital,Yobe,Tier3 provincial hospital,12.8603,10.834,171.3,322,25760,PANAF-Premium,v0.7.4,September 2026,CoverMap feasibility demonstrator (IML 2) - NOT clinical guidance; informs procurement and placement only; not yet reviewed by the national programme
45,"Bakori ""B"" Comprehensive Health Centre",Katsina,Tier3 provincial hospital,11.559722,7.427264,232.2,436,34880,PANAF-Premium,v0.7.4,September 2026,CoverMap feasibility demonstrator (IML 2) - NOT clinical guidance; informs procurement and placement only; not yet reviewed by the national programme
46,Riyom General Hospital,Plateau,Tier3 provincial hospital,9.550362,8.749732,388.6,729,58320,PANAF-Premium,v0.7.4,September 2026,CoverMap feasibility demonstrator (IML 2) - NOT clinical guidance; informs procurement and placement only; not yet reviewed by the national programme
47,Odomoke General Hospital,Ebonyi,Tier3 provincial hospital,6.50801,8.129903,159.7,300,24000,PANAF-Premium,v0.7.4,September 2026,CoverMap feasibility demonstrator (IML 2) - NOT clinical guidance; informs procurement and placement only; not yet reviewed by the national programme
48,Marama General Hospital,Borno,Tier3 provincial hospital,10.45487827,12.16203003,150.2,282,22560,PANAF-Premium,v0.7.4,September 2026,CoverMap feasibility demonstrator (IML 2) - NOT clinical guidance; informs procurement and placement only; not yet reviewed by the national programme
49,Damagum General Hospital,Yobe,Tier3 provincial hospital,11.6774,11.3345,146.0,274,21920,PANAF-Premium,v0.7.4,September 2026,CoverMap feasibility demonstrator (IML 2) - NOT clinical guidance; informs procurement and placement only; not yet reviewed by the national programme
50,Ganye II General Hospital,Adamawa,Tier3 provincial hospital,8.435606,12.062044,145.5,273,21840,PANAF-Premium,v0.7.4,September 2026,CoverMap feasibility demonstrator (IML 2) - NOT clinical guidance; informs procurement and placement only; not yet reviewed by the national programme
51,Tugunguna Rural Hospital,Niger,Tier3 provincial hospital,10.356317,6.10514,136.8,257,20560,PANAF-Premium,v0.7.4,September 2026,CoverMap feasibility demonstrator (IML 2) - NOT clinical guidance; informs procurement and placement only; not yet reviewed by the national programme
52,Maikaho General Hospital,Kebbi,Tier3 provincial hospital,10.56857,4.70205,128.5,241,19280,PANAF-Premium,v0.7.4,September 2026,CoverMap feasibility demonstrator (IML 2) - NOT clinical guidance; informs procurement and placement only; not yet reviewed by the national programme
53,Gambo Sawaba General Hospital,Kaduna,Tier3 provincial hospital,10.963717,8.392839,366.0,687,54960,PANAF-Premium,v0.7.4,September 2026,CoverMap feasibility demonstrator (IML 2) - NOT clinical guidance; informs procurement and placement only; not yet reviewed by the national programme
54,Jibrin Maigwari General Hospital,Kaduna,Tier3 provincial hospital,10.657913,6.537179,124.7,234,18720,PANAF-Premium,v0.7.4,September 2026,CoverMap feasibility demonstrator (IML 2) - NOT clinical guidance; informs procurement and placement only; not yet reviewed by the national programme
55,Idon Rural Hospital,Kaduna,Tier3 provincial hospital,10.1,7.9,123.8,233,18640,PANAF-Premium,v0.7.4,September 2026,CoverMap feasibility demonstrator (IML 2) - NOT clinical guidance; informs procurement and placement only; not yet reviewed by the national programme
56,Bukkuyum General Hospital,Zamfara,Tier3 provincial hospital,12.13769,5.46648,122.2,230,18400,PANAF-Premium,v0.7.4,September 2026,CoverMap feasibility demonstrator (IML 2) - NOT clinical guidance; informs procurement and placement only; not yet reviewed by the national programme
57,Toro General Hospital,Bauchi,Tier3 provincial hospital,10.056871,9.041898,328.9,617,49360,PANAF-Premium,v0.7.4,September 2026,CoverMap feasibility demonstrator (IML 2) - NOT clinical guidance; informs procurement and placement only; not yet reviewed by the national programme
58,Mongonu General Hospital,Borno,Tier3 provincial hospital,12.67863,13.60791,119.6,225,18000,PANAF-Premium,v0.7.4,September 2026,CoverMap feasibility demonstrator (IML 2) - NOT clinical guidance; informs procurement and placement only; not yet reviewed by the national programme
59,Dengi General Hospital,Plateau,Tier3 provincial hospital,9.369869,9.978193,160.8,302,24160,PANAF-Premium,v0.7.4,September 2026,CoverMap feasibility demonstrator (IML 2) - NOT clinical guidance; informs procurement and placement only; not yet reviewed by the national programme
60,Nepa Hospital Shiroro,Niger,Tier3 provincial hospital,9.74806,6.81584,303.0,569,45520,PANAF-Premium,v0.7.4,September 2026,CoverMap feasibility demonstrator (IML 2) - NOT clinical guidance; informs procurement and placement only; not yet reviewed by the national programme
61,Gumel General Hospital,Jigawa,Tier3 provincial hospital,12.6308,9.3932,115.2,216,17280,PANAF-Premium,v0.7.4,September 2026,CoverMap feasibility demonstrator (IML 2) - NOT clinical guidance; informs procurement and placement only; not yet reviewed by the national programme
62,Yabo General Hospital,Sokoto,Tier3 provincial hospital,12.73576,5.00781,160.0,300,24000,PANAF-Premium,v0.7.4,September 2026,CoverMap feasibility demonstrator (IML 2) - NOT clinical guidance; informs procurement and placement only; not yet reviewed by the national programme
63,Isa General Hospital,Sokoto,Tier3 provincial hospital,13.200875,6.39348,107.0,201,16080,PANAF-Premium,v0.7.4,September 2026,CoverMap feasibility demonstrator (IML 2) - NOT clinical guidance; informs procurement and placement only; not yet reviewed by the national programme
