shapeName,region,pop
Adenta Municipal,Greater Accra,0.0
Ledzokuku Municipal,Greater Accra,0.0
Chereponi,North East,64667.8352924568
Wa East,Upper West,110119.54516794847
Wa Municipal,Upper West,45243.589879648105
Saboba,Northern,120363.0844055009
Jirapa,Upper West,99147.54714437472
Gushegu,Northern,157205.3480020414
Sissala West,Upper West,79752.47152075038
Nanumba North,Northern,154858.9252403281
Lambussie-karni,Upper West,73320.19029693067
Bolgatanga Municipal,Upper East,157636.60692335485
Nanumba South,Northern,261743.789082615
Wenchi Municipal,Bono,50180.00768108433
Bongo,Upper East,135773.88819842393
Tano South Municipal,Ahafo,97597.79103066449
Kasena Nankana West,Upper East,48808.873912821306
Wa West,Upper West,75356.6389792545
Sunyani Municipal,Bono,131466.37497887202
Sawla-tuna-kalba,Savannah,97308.95619503236
Asante Akim South,Ashanti,137531.30843966824
Sissala East,Upper West,105647.2216702515
Ada East,Greater Accra,118802.5195809118
Shai Osudoku,Greater Accra,149028.46586425728
Kasena Nankana East,Upper East,167411.45444357456
Ada West,Greater Accra,102021.23499134695
Bunkpurugu Nakpanduri,North East,139214.97139923144
Garu,Upper East,66021.48487519733
Ningo/prampram,Greater Accra,74438.27312718402
East Mamprusi,North East,129373.55356227912
La Dade-kotopon,Greater Accra,0.0
Bawku West,Upper East,172808.83186220322
Aowin,Western North,155259.56782295997
Dormaa East,Bono,94734.10070441342
Suaman,Western North,27716.49504874043
Berekum East Municipal,Bono,143537.7877375207
Bia East,Western North,48522.04894404872
Jaman South Municipal,Bono,140573.77529440058
Bia West,Western North,142169.9423480699
Sunyani West,Bono,96493.97818451723
Asunafo North Municipal,Ahafo,179469.74204050412
Bodi,Western North,67708.72289321579
Juaboso,Western North,65472.82012856768
Nkoranza North,Bono East,146898.24104499986
Kintampo South,Bono East,101655.83125310663
Shama,Western,0.0
Tano North Municipal,Ahafo,108515.81962923297
Wassa East,Western,48867.54410346682
Ketu North,Volta,111530.23923055359
Mpohor,Western,199669.18882925546
Wassa Amenfi West,Western,50818.75267728355
Ketu South,Volta,517385.3260833388
Wassa Amenfi Central,Western,97290.20406631262
Keta Municipal,Volta,77608.79920189138
Kadjebi,Oti,68846.99129815052
Mfantseman Municipal,Central,184462.98436835394
South Tongu,Volta,56717.01754747125
Ekumfi,Central,126601.35268967641
Twifo Hemang Lower Denkyira,Central,95907.70820303423
Jasikan,Oti,67646.15093057566
Twifo Atti-morkwa,Central,69870.7879343209
Krachi East Municipal,Oti,145513.20868947328
Awutu Senya,Central,194501.154689738
Nkwanta South Municipal,Oti,135926.17931093244
Awutu Senya East,Central,0.0
Afigya Kwabre South,Ashanti,0.0
La-nkwantanang-madina,Greater Accra,0.0
Atwima Kwanwoma,Ashanti,617321.8303450624
Sekyere South,Ashanti,223734.00624216002
Ga East,Greater Accra,0.0
Ayawaso West,Greater Accra,0.0
Sekyere East,Ashanti,0.0
Ga South Municipal,Greater Accra,742122.6788172275
Ga West Municipal,Greater Accra,0.0
Sekyere Central,Ashanti,30661.365738257115
Ga Central Municipal,Greater Accra,0.0
Offinso North,Ashanti,108688.74954577816
Krachi West,Oti,51669.925102263485
Offinso Municipal,Ashanti,133385.85355938153
Obuasi Municipal,Ashanti,0.0
Krachi Nchumuru,Oti,111293.78731782504
Kwabre East,Ashanti,775594.4411880166
Agotime Ziope,Volta,21919.63764349505
Adaklu,Volta,20084.16336043867
Ejura-sekyedumase,Ashanti,59601.91895699526
Atwima Nwabiagya South,Ashanti,804981.0359859518
Akatsi South,Volta,64052.577748043186
Atwima Mponua,Ashanti,220998.4319864774
Akatsi North,Volta,24187.786270129567
Ho Municipal,Volta,137359.67858134524
Adansi South,Ashanti,142696.83064003976
Hohoe Municipal,Volta,138686.1137653444
Adansi Asokwa,Ashanti,31410.45676613211
Ho West,Volta,70448.55825490666
Bosome Freho,Ashanti,63776.58302246513
Afadzato South,Volta,71064.81067105694
Ahafo Ano South East,Ashanti,26406.028798129042
North Dayi,Volta,53938.8537451427
Bekwai Municipal,Ashanti,146829.86153221768
Kpando Municipal,Volta,58789.87139864937
Bosomtwe,Ashanti,1052476.2943887727
North Tongu,Volta,20442.62372205713
Central Tongu,Volta,81740.36514274249
Mampong Municipal,Ashanti,64001.75238372767
Ajumako-enyan-essiam,Central,269511.7715451397
Gomoa West,Central,0.0
Agona West Municipal,Central,94376.23186168511
Agona East,Central,194795.19837778655
Assin North,Central,131912.26288442584
Assin South,Central,215191.18367056613
Asikuma-odoben-brakwa,Central,83018.87004674197
Effutu Municipal,Central,0.0
Gomoa East,Central,415613.13348627154
Abura-asebu-kwamankese,Central,145625.53269424956
Jomoro,Western,193031.39129263067
Ellembelle,Western,65091.35956791821
Dormaa Municipal,Bono,139478.7418721134
Dormaa West,Bono,70066.36799032104
Nadowli-kaleo,Upper West,131481.22825935145
Prestea/huni Valley,Western,135151.36884908352
Ahanta West Municipal,Western,19894.543294621402
Daffiama Bussie Issa,Upper West,60049.640301325286
Nzema East,Western,40240.944494651834
Lawra,Upper West,49427.2868296474
Nandom,Upper West,71956.63995051754
Tarkwa Nsuaem,Western,77236.87182709321
Talensi,Upper East,108659.00986793278
Sefwi Akontombra,Western North,101856.32907944756
Effia Kwesimintsim Municipal,Western,0.0
Nabdam,Upper East,0.0
Builsa South,Upper East,27126.508554660355
Builsa North,Upper East,101326.14373399774
Binduri,Upper East,60741.61124865222
Pusiga,Upper East,0.0
Bawku Municipal,Upper East,180294.81730906336
North Gonja,Savannah,45199.37327486101
West Gonja,Savannah,53652.14231462866
Mion,Northern,198327.9402564411
Yendi Municipal,Northern,153205.43690648983
Tolon,Northern,58945.40690781427
Kumbungu,Northern,31447.49211908765
West Mamprusi Municipal,North East,177077.7077809669
Mamprugu Moagduri,North East,85774.18701908989
Zabzugu,Northern,124862.5098259112
Tatale Sanguli,Northern,96983.32548573487
Sene East,Bono East,103171.2780026873
Bibiani-anhwiaso-bekwai Municipal,Western North,53839.697974259354
Sene West,Bono East,86530.75838341269
Upper Denkyira East Municipal,Central,0.0
Asutifi North,Ahafo,11648.64103595365
Ahafo Ano North,Ashanti,59970.035365550655
Amansie Central,Ashanti,131305.0775769034
Amansie West,Ashanti,45997.115724766554
Asutifi South,Ahafo,92925.7822493069
Techiman Municipal,Bono East,185793.984698462
Upper Denkyira West,Central,168257.90680326932
Techiman North,Bono East,50927.55287161038
Cape Coast Metropolitan,Central,0.0
Komenda-edina-eguafo-abirem Municipal,Central,402178.6937371284
Banda,Bono,36910.07471001587
Sefwi-wiawso,Western North,218375.3757606906
Jaman North,Bono,124573.24121386888
Asunafo South,Ahafo,74510.22401433786
Tain,Bono,123669.93385565815
Nkoranza South,Bono East,80812.19867423916
Sekyere Kumawu,Ashanti,72196.65859982414
Bole,Savannah,91827.41372363041
Sekyere Afram Plains North,Ashanti,49077.30141837707
Asante Akim North,Ashanti,82234.0545910198
Asante Akim Central Municipal,Ashanti,49904.84437880375
Kintampo North Municipal,Bono East,120252.802783716
Asokore Mampong Municipal,Ashanti,0.0
Atebubu Amantin,Bono East,152684.8531732771
Kwadaso Municipal,Ashanti,0.0
Kpandai,Northern,90721.07128554134
Ejisu Municipal,Ashanti,0.0
Nkwanta North,Oti,51628.07368890158
Biakoye,Oti,114723.68366187799
Wassa Amenfi East,Western,42393.18322779684
Central Gonja,Savannah,98958.07065266042
Tema West Municipal,Greater Accra,0.0
Ashaiman Municipal,Greater Accra,0.0
Pru East,Bono East,113630.8024879784
Kpone Katamanso,Greater Accra,391760.81283935084
Savelugu,Northern,189135.99127698696
Tamale Metropolitan,Northern,61110.75824211305
Sagnerigu,Northern,404575.72138520435
Karaga,Northern,155192.84255092454
North East Gonja,Savannah,226902.67274813703
South Dayi,Volta,79629.51240109956
Tempane,Upper East,74616.76907011832
Bolga  East,Upper East,0.0
Yunyoo-nasuan,North East,62837.74494597583
Nanton,Northern,52259.35702726538
Assin Fosu,Central,67996.22700761228
Gomoa Central,Central,0.0
Pru West,Bono East,61041.69662651045
Berekum West,Bono,56964.61577721438
Ahafo Ano South West,Ashanti,68832.37264948321
Amansie South,Ashanti,0.0
Atwima Nwabiagya North,Ashanti,0.0
Adansi Akrofuom,Ashanti,134157.3177316182
Adansi North,Ashanti,55079.67745185267
Obuasi East,Ashanti,0.0
Afigya Kwabre North,Ashanti,0.0
Kumasi Metropolitan,Ashanti,0.0
Oforikrom Municipal,Ashanti,0.0
Asokwa  Municipal,Ashanti,0.0
Old Tafo Municipal,Ashanti,0.0
Suame Municipal,Ashanti,0.0
Juaben Municipal,Ashanti,51611.79499256804
Ablekuma Central Municipal,Greater Accra,0.0
Korle Klottey Municipal,Greater Accra,0.0
Ablekuma North Municipal,Greater Accra,0.0
Ayawaso North Municipal,Greater Accra,3867518.014779722
Ayawaso East Municipal,Greater Accra,0.0
Okaikwei North Municipal,Greater Accra,0.0
Ga North Municipal,Greater Accra,0.0
Weija Gbawe Municipal,Greater Accra,0.0
Krowor Municipal,Greater Accra,0.0
Tema Metropolitan,Greater Accra,0.0
East Gonja Municipal,Savannah,39417.37109105007
Ablekuma West Municipal,Greater Accra,0.0
Ayawaso Central Municipal,Greater Accra,0.0
Accra Metropolis,Greater Accra,0.0
Anloga,Volta,53454.06523229406
Sekondi Takoradi Metropolis,Western,1090899.6477698858
Kwahu South,Eastern,88188.02000558765
Asene Akroso Manso,Eastern,74850.1379991628
Upper Manya,Eastern,80159.73106442337
Achiase,Eastern,126206.93608837186
Okere,Eastern,0.0
Yilo Krobo,Eastern,266179.75590383564
Atiwa West,Eastern,115548.38235931004
New Juaben North Municipal,Eastern,0.0
Fanteakwa North,Eastern,58415.49337512287
Birim North,Eastern,52978.95942448895
Asuogyaman,Eastern,107357.21157615377
Kwahu East,Eastern,85436.33072390645
Kwahu West,Eastern,35425.40214357076
Lower Manya,Eastern,73728.7409128217
Nsawam Adoagyiri,Eastern,151140.59717312295
Akwapem South,Eastern,239895.12184950552
Denkyembour,Eastern,54956.58809077409
Kwaebibirem,Eastern,74259.76546699023
Kwahu Afram Plains South,Eastern,195272.52381289794
Kwahu Afram Plains North,Eastern,146571.55572422245
Suhum Municipal,Eastern,94092.2563577999
Ayensuano,Eastern,94666.06146411465
Abuakwa South,Eastern,71138.92510047628
Upper West Akim,Eastern,96289.43193402751
West Akim,Eastern,139375.76282201833
Akyem Mansa,Eastern,34756.19403332834
Atiwa East,Eastern,77862.49389385198
New Juaben South Municipal,Eastern,0.0
Birim South,Eastern,32806.06975786419
Abuakwa North,Eastern,83008.78990485039
Akwapem North,Eastern,59612.47278295528
Fanteakwa South,Eastern,0.0
Birim Central Municipal,Eastern,115473.28825444412
