name,ftype,tier,lat,lon
Agogo Presby Hospital,Hospital,Tier3 provincial hospital,6.79618,-1.08529
Akomaa Memorial Hospital,Hospital,Tier3 provincial hospital,6.43966,-1.53837
Asamang SDA Hospital,Hospital,Tier3 provincial hospital,7.05322,-1.50964
Asokore Ahmadyya Muslem Hospital,Hospital,Tier3 provincial hospital,6.84361,-1.381201
Asonomaso Government District Hospital,District Hospital,Tier3 provincial hospital,6.80162,-1.51374
Bekwai Government District Hospital,District Hospital,Tier3 provincial hospital,6.45605,-1.57857
Dominase SDA Hospital,Hospital,Tier3 provincial hospital,6.3104,-1.3911
Effiduase District Hospital,District Hospital,Tier3 provincial hospital,6.84739,-1.39373
Ejura District Hospital,District Hospital,Tier3 provincial hospital,7.38906,-1.35197
Global Evangelical Mission Hospital,Hospital,Tier3 provincial hospital,6.66903,-1.49298
Juaben Government District Hospital,District Hospital,Tier3 provincial hospital,6.81602,-1.41392
Juaso District Hospital,District Hospital,Tier3 provincial hospital,6.59223,-1.12113
Kokofu General Hospital,General Hospital,Tier4 central hospital,6.49903,-1.52254
Komfo Anokye Teaching Hospital,Teaching Hospital,Tier3 provincial hospital,6.69715,-1.63015
Konongo-Odumasi Government District Hospital,District Hospital,Tier3 provincial hospital,6.62436,-1.21792
Kumasi South Government Regional Hospital,Regional Hospital,Tier3 provincial hospital,6.65252,-1.58471
Kuntenase Government District Hospital,District Hospital,Tier3 provincial hospital,6.53752,-1.47454
Mampong District Hospital,District Hospital,Tier3 provincial hospital,7.04563,-1.40219
Mampong Government Hospital,Hospital,Tier3 provincial hospital,7.056089,-1.398981
Manhyia Government Hospital,Hospital,Tier3 provincial hospital,6.70396,-1.61191
Mankranso Hospital,Hospital,Tier3 provincial hospital,6.82076,-1.86278
Maternal and Child Health Hospital,Hospital,Tier3 provincial hospital,6.69316,-1.62531
Methodist Faith Healing District Hospital,District Hospital,Tier3 provincial hospital,6.84819,-1.54934
New Edubiase District Hospital,District Hospital,Tier3 provincial hospital,6.05456,-1.39281
Nkawie/Toase Hospital,Hospital,Tier3 provincial hospital,6.66632,-1.812262
Nkenkasu District Hospital,District Hospital,Tier3 provincial hospital,7.31957,-1.90289
Nyinahin Government District Hospital,District Hospital,Tier3 provincial hospital,6.60115,-2.10999
Obuasi Government Hospital,Hospital,Tier3 provincial hospital,6.203494,-1.684858
Onwe SDA Hospital,Hospital,Tier3 provincial hospital,6.68001,-1.54161
St. Luke Hospital Kasei,Hospital,Tier3 provincial hospital,7.53953,-1.34637
St. Martin's  Hospital,Hospital,Tier3 provincial hospital,6.41337,-1.88154
St. Micheal Hospital,Hospital,Tier3 provincial hospital,6.55872,-1.51247
St. Patricks Hospital,Hospital,Tier3 provincial hospital,6.93135,-1.68167
St. Peters' Hospital,Hospital,Tier3 provincial hospital,6.34331,-1.66669
Suntreso Government Hospital,Hospital,Tier3 provincial hospital,6.70243,-1.64223
Tafo Government Hospital,Hospital,Tier3 provincial hospital,6.72554,-1.61317
Tepa District Hospital,District Hospital,Tier3 provincial hospital,6.99966,-2.16102
Wiamoase SDA Hospital,Hospital,Tier3 provincial hospital,6.90258,-1.43311
Ahmadiyya Muslim Hospital,Hospital,Tier3 provincial hospital,6.902987,-2.567168
Atebubu Government District Hospital,District Hospital,Tier3 provincial hospital,7.74807,-0.98197
Bechem Government District Hospital,District Hospital,Tier3 provincial hospital,7.08831,-2.02947
Bre Nye Kwa Hospital,Hospital,Tier3 provincial hospital,7.44372,-2.59325
Dormaa Presby District Hospital,District Hospital,Tier3 provincial hospital,7.27537,-2.86803
Emil Memorial Hospital,Hospital,Tier3 provincial hospital,7.73964,-2.09488
Goaso District Hospital,District Hospital,Tier3 provincial hospital,6.8062,-2.52186
Holy Family Hospital,Hospital,Tier3 provincial hospital,7.59193,-1.93944
Kintampo District Hospital,District Hospital,Tier3 provincial hospital,8.05098,-1.7312
Kwame Danso Hospital,Hospital,Tier3 provincial hospital,7.728022,-0.677285
Mathias Hospital,Hospital,Tier3 provincial hospital,8.2157,-0.6771
Opoku Agyeman Hospital,Hospital,Tier3 provincial hospital,7.56288,-1.93692
Sampa District Hospital,District Hospital,Tier3 provincial hospital,7.95085,-2.695
Sene District Hospital,District Hospital,Tier3 provincial hospital,7.73115,-0.68588
St. Elizabeth Hospital,Hospital,Tier3 provincial hospital,6.93279,-2.35805
St. John of God Hospital,Hospital,Tier3 provincial hospital,7.17559,-2.0967
Sunyani Municipal Hospital,Municipal Hospital,Tier3 provincial hospital,7.33817,-2.32858
Sunyani Regional Hospital,Regional Hospital,Tier3 provincial hospital,7.3446,-2.3142
Sunyani SDA Hospital,Hospital,Tier3 provincial hospital,7.333948,-2.347842
Wencgi Methodist Hospital,Hospital,Tier3 provincial hospital,7.73854,-2.111
Abura Dunkwa District Hospital,District Hospital,Tier3 provincial hospital,5.34485,-1.17108
Agona Swedru Govermnt District Hospital,District Hospital,Tier3 provincial hospital,5.53532,-0.6926
Ahmadiyya Muslim Hospital,Hospital,Tier3 provincial hospital,5.53852,-0.69956
Ajumako District Hospital,District Hospital,Tier3 provincial hospital,5.4237,-0.95484
Apam Catholic Hospital,Hospital,Tier3 provincial hospital,5.28142,-0.73909
Baptist Hospital,Hospital,Tier3 provincial hospital,5.335586,-0.621467
Cape Coast Metropolitan Hospital,Municipal Hospital,Tier3 provincial hospital,5.10247,-1.25902
Central Regional Hospital,Regional Hospital,Tier3 provincial hospital,5.1332,-1.26603
Dunkwa District Hospital,District Hospital,Tier3 provincial hospital,5.96243,-1.77927
Our Lady of Grace Hospital,Hospital,Tier3 provincial hospital,5.58063,-0.99655
Praso District Hospital,District Hospital,Tier3 provincial hospital,5.61089,-1.54928
Saltpond Government District Hospital,District Hospital,Tier3 provincial hospital,5.2045,-1.05614
St. Francis Xavier District Hospital,District Hospital,Tier3 provincial hospital,5.6996,-1.28136
University of Cape Coast Hospital,Hospital,Tier3 provincial hospital,5.10537,-1.28298
Winneba Government District Hospital,District Hospital,Tier3 provincial hospital,5.34374,-0.6229
Adoagire Hospital,Hospital,Tier3 provincial hospital,5.82287,-0.36002
Akim Oda District Hospital,District Hospital,Tier3 provincial hospital,5.92785,-0.98527
Akuse Government Hospital,Hospital,Tier3 provincial hospital,6.09765,0.125167
Asamankese Government District Hospital,District Hospital,Tier3 provincial hospital,5.85455,-0.67891
Asesewa Hospital,Hospital,Tier3 provincial hospital,6.40154,-0.14682
Atibie Government District Hospital,District Hospital,Tier3 provincial hospital,6.58119,-0.73417
Atua Government District Hospital,District Hospital,Tier3 provincial hospital,6.119267,-0.00193
Begoro District Hospital,District Hospital,Tier3 provincial hospital,6.39813,-0.36885
Donkorkrom Presby District Hospital,District Hospital,Tier3 provincial hospital,7.04888,-0.07725
Enyiresi District Hospital,District Hospital,Tier3 provincial hospital,6.43727,-0.58676
Holy Family District Hospital,District Hospital,Tier3 provincial hospital,6.47555,-0.77237
Kade District Hospital,District Hospital,Tier3 provincial hospital,6.27345,-0.992983
Koforidua Regional Hospital,Regional Hospital,Tier3 provincial hospital,6.09664,-0.25719
Kyebi Government District Hospital,District Hospital,Tier3 provincial hospital,6.16775,-0.55446
New Abirem District Hospital,District Hospital,Tier3 provincial hospital,6.33577,-0.99725
Nsawam District Hospital,District Hospital,Tier3 provincial hospital,5.81045,-0.33749
St Josephs Hospital,Hospital,Tier3 provincial hospital,6.11547,-0.24288
St Martins Hospital,Hospital,Tier3 provincial hospital,6.14498,-0.01469
St. Dominic Hospital,Hospital,Tier3 provincial hospital,6.04714,-0.79787
Suhum Government District Hospital,District Hospital,Tier3 provincial hospital,6.0373,-0.44543
Tafo Governmentt Hospital,Hospital,Tier3 provincial hospital,6.23163,-0.3662
Tetteh Quarshie Memorial District Hospital,District Hospital,Tier3 provincial hospital,5.92163,-0.13319
Achimota Hospital,Hospital,Tier3 provincial hospital,5.609531,-0.228106
Achimota Hospital,Hospital,Tier3 provincial hospital,5.62922,-0.21476
Adabraka Polyclinic,Polyclinic,Tier4 central hospital,5.56129,-0.20477
Christian Medical Centre,Hospital,Tier3 provincial hospital,5.60656,-0.07769
Dangme East District Hospital,District Hospital,Tier3 provincial hospital,5.88888,0.56949
Kaneshie Polyclinic,Polyclinic,Tier4 central hospital,5.57446,-0.23074
Korle-Bu Polyclinic,Teaching Hospital,Tier3 provincial hospital,5.535355,-0.22929
Korle-Gonno Polyclinic,Polyclinic,Tier4 central hospital,5.53736,-0.22312
La General Hospital,General Hospital,Tier4 central hospital,5.5554,-0.1666
Maamobi Polyclinic,Polyclinic,Tier4 central hospital,5.59184,-0.19929
Mamprobi Polyclinic,Polyclinic,Tier4 central hospital,5.53807,-0.24556
Manna Mission Hospital,Hospital,Tier3 provincial hospital,5.60706,-0.10872
Pantang Hospital,Hospital,Tier3 provincial hospital,5.71511,-0.18802
Princess Marie Louis (PML) Hospital,Hospital,Tier3 provincial hospital,5.5446,-0.21302
Ridge Hospital,Hospital,Tier3 provincial hospital,5.56238,-0.1987
Tema General Hospital,General Hospital,Tier4 central hospital,5.67387,-0.02496
Tema Polyclinic,Polyclinic,Tier4 central hospital,5.63556,-0.00667
Ussher Polyclinic,Polyclinic,Tier4 central hospital,5.54038,-0.21294
Baptist Medical Centre District Hospital,District Hospital,Tier3 provincial hospital,10.51973,-0.36573
Bimbilla  District Hospital,District Hospital,Tier3 provincial hospital,8.85756,-0.05562
Binde  Rural  Hospital,Hospital,Tier3 provincial hospital,10.56562,-0.02876
Bole District Hospital,District Hospital,Tier3 provincial hospital,9.0276,-2.49736
Damongo District Hospital,District Hospital,Tier3 provincial hospital,9.06302,-1.79872
Gushegu  District Hospital,District Hospital,Tier3 provincial hospital,9.92814,-0.21489
Gushegu Hospital,Hospital,Tier3 provincial hospital,9.921227,-0.217964
Oti River Hospital,Hospital,Tier3 provincial hospital,8.4505,-0.07582
Saboba Medical Centre,Hospital,Tier3 provincial hospital,9.70965,0.31924
Salaga  District Hospital,District Hospital,Tier3 provincial hospital,8.55733,-0.51437
Savelugu  District Hospital,District Hospital,Tier3 provincial hospital,9.61862,-0.82929
Savelugu  Hospital,Hospital,Tier3 provincial hospital,9.624722,-0.827778
Tamale Central  Hospital,Teaching Hospital,Tier3 provincial hospital,9.24188,-0.50141
Tamale SDA Hospital,Hospital,Tier3 provincial hospital,9.39974,-0.8318
Tamale West District Hospital,District Hospital,Tier3 provincial hospital,9.40046,-0.8503
Walewale  District Hospital,District Hospital,Tier3 provincial hospital,10.34633,-0.80854
Yendi District Hospital,District Hospital,Tier3 provincial hospital,9.44604,-0.00402
Zabzugu Polyclinic,Polyclinic,Tier4 central hospital,9.29565,0.37705
Bawku Municipal Hospital,Municipal Hospital,Tier3 provincial hospital,11.06124,-0.23287
Bolgatanga Regional Hospital,Regional Hospital,Tier3 provincial hospital,10.80737,-0.8612
Bongo District Hospital,District Hospital,Tier3 provincial hospital,10.9145,-0.80727
Sandema District Hospital,District Hospital,Tier3 provincial hospital,10.73339,-1.28786
War Memorial District Hospital,District Hospital,Tier3 provincial hospital,10.88304,-1.08532
Zebilla  District Hospital,District Hospital,Tier3 provincial hospital,10.93621,-0.47351
Ahmadiya Mission Hospital,Hospital,Tier3 provincial hospital,10.1697,-2.54172
Lawra District Hospital,District Hospital,Tier3 provincial hospital,10.64207,-2.88789
Nadowli District Hospital,District Hospital,Tier3 provincial hospital,10.36238,-2.65785
Nandom Hospital,Hospital,Tier3 provincial hospital,10.83872,-2.7722
St. Joseph's District Hospital,District Hospital,Tier3 provincial hospital,10.53334,-2.69916
Tumu District Hospital,District Hospital,Tier3 provincial hospital,10.87758,-1.98649
Upper West Regional Hospital,Regional Hospital,Tier3 provincial hospital,10.05537,-2.49806
Adidome District Hospital,District Hospital,Tier3 provincial hospital,6.07347,0.49812
Aflao District Hospital,District Hospital,Tier3 provincial hospital,6.11762,1.18013
Akatsi District Hospital,District Hospital,Tier3 provincial hospital,6.13877,0.80901
Anfoega Catholic Hospital,Hospital,Tier3 provincial hospital,6.88049,0.27621
Battor Mission. Hospital,Hospital,Tier3 provincial hospital,6.0584,0.4037
Comboni Polyclinic,Polyclinic,Tier4 central hospital,6.00217,0.58532
Dodi Papase Mary Theresa Hospital,Hospital,Tier3 provincial hospital,7.74227,0.51028
Ho Municipal Hospital,Municipal Hospital,Tier3 provincial hospital,6.60926,0.46805
Ho Polyclinic,Polyclinic,Tier4 central hospital,6.60289,0.49271
Hohoe Government District Hospital,District Hospital,Tier3 provincial hospital,7.15849,0.47239
Jasikan District Hospital,District Hospital,Tier3 provincial hospital,7.4014,0.46464
Keta Government Municipal Hospital,Municipal Hospital,Tier3 provincial hospital,5.88784,0.98164
Kpando Margret Marquat District Hospital,District Hospital,Tier3 provincial hospital,6.99992,0.30312
Krachi District Hospital,District Hospital,Tier3 provincial hospital,7.79476,-0.05729
Nkwanta District Hospital,District Hospital,Tier3 provincial hospital,8.25756,0.50838
Peki Government District Hospital,District Hospital,Tier3 provincial hospital,6.5337,0.22594
Sacred Heart Hospital,Hospital,Tier3 provincial hospital,6.05465,0.867667
Sogakope District Hospital,District Hospital,Tier3 provincial hospital,6.00774,0.61563
St Anthony's Hospital,Hospital,Tier3 provincial hospital,6.24112,0.98911
St. Joseph's Hospital,Hospital,Tier3 provincial hospital,8.24792,0.52134
Volta Regional Hospital,Regional Hospital,Tier3 provincial hospital,6.60215,0.48421
Worawora Hospital,Hospital,Tier3 provincial hospital,7.514483,0.375783
Ahmadiyya Mission Hospital,Hospital,Tier3 provincial hospital,5.13012,-1.65779
Asankragwa Catholic Hospital,Hospital,Tier3 provincial hospital,5.80149,-2.43225
Axim Government District Hospital,District Hospital,Tier3 provincial hospital,4.86653,-2.23889
Bibiani Government District Hospital,District Hospital,Tier3 provincial hospital,6.45658,-2.32238
Divine Love Hospital,Hospital,Tier3 provincial hospital,6.455983,-2.31698
Dixcove District Hospital,District Hospital,Tier3 provincial hospital,4.79799,-1.94978
Effia Nkwanta Regional Hospital,Regional Hospital,Tier3 provincial hospital,4.92482,-1.74458
Eikwe Catholic Hospital,Hospital,Tier3 provincial hospital,4.96539,-2.46978
Enchi Government District Hospital,District Hospital,Tier3 provincial hospital,5.82974,-2.82118
Essikadu Polyclinic,Polyclinic,Tier4 central hospital,4.94575,-1.71459
Half Assini Government District Hospital,District Hospital,Tier3 provincial hospital,5.05314,-2.88944
Juaboso Government District Hospital,District Hospital,Tier3 provincial hospital,6.33418,-2.82972
Kwesimintsim Polyclinic,Polyclinic,Tier4 central hospital,4.9126,-1.78233
Nana Hima-Dekyi District Hospital,District Hospital,Tier3 provincial hospital,4.8002066020589,-1.94998741149902
Old Hospital,Hospital,Tier3 provincial hospital,4.89984,-1.756596
Prestea Government Hospital,Hospital,Tier3 provincial hospital,5.432497,-2.148463
Prestea Hospital,Hospital,Tier3 provincial hospital,5.42662,-2.13573
Sefwi Wiawso District Hospital,District Hospital,Tier3 provincial hospital,6.20632,-2.49419
St. Johns Of God Hospital,Hospital,Tier3 provincial hospital,6.39401,-2.65779
St. Martin de Porres Hospital,Hospital,Tier3 provincial hospital,4.965194,-2.470262
Takoradi Hospital,Hospital,Tier3 provincial hospital,4.8856,-1.75258
Tarkwa Municipal Hospital,Municipal Hospital,Tier3 provincial hospital,5.30567,-1.9863
Wassa Akropong Government District Hospital,District Hospital,Tier3 provincial hospital,5.7813,-2.08352
Wiawso Government Hospital,Hospital,Tier3 provincial hospital,6.215862,-2.485146
